nombre_empresa,rubro,rut,confianza_rut,canal_contacto,telefono,email,instagram,facebook,tiktok,whatsapp,direccion,comuna,region,lat,lon,tiene_sitio_web,fuente
Sherlock,cafe,,,telefono,(65) 248 2888,,https://instagram.com/sherlockrestaurant,https://facebook.com/sherlockpuertomontt,,,Antonio Varas 452,,,-41.4722271,-72.9408882,no,https://www.openstreetmap.org/node/896463552
Escuela Especial Altué de Cerro Navia,school,,,correo,,escuela.altue@gmail.com,https://instagram.com/escuela.altue,,,,Galvarino 1477,Cerro Navia,,-33.4264894,-70.7428252,no,https://www.openstreetmap.org/node/906409976
Cantabria,cafe,,,red social,,,https://instagram.com/cafecantabria,,,,Caupolicán 415,,,-36.827747,-73.0508102,no,https://www.openstreetmap.org/node/1276617396
Café Neruda,pub,,,red social,,,https://instagram.com/cafenerudaoficial,,,,Diagonal Pedro Aguirre Cerda 1134,Concepción,,-36.826336,-73.0429921,no,https://www.openstreetmap.org/node/1300627361
Café Tero,cafe,,,telefono,+56988365045,mapuexplorers@gmail.com,https://instagram.com/cafeterocochrane,,,,Esmeralda 464,Cochrane,,-47.2539434,-72.5718788,no,https://www.openstreetmap.org/node/1347469061
Dunkin' Sopaipilla,bakery,,,telefono,+56 978176304,,https://instagram.com/dunkin_sopaipilla,,,,Esmeralda 301,,,-47.2546762,-72.5726963,no,https://www.openstreetmap.org/node/1568447635
Supermercado Rojita,supermarket,,,red social,,,https://instagram.com/supermercado_rojita,https://facebook.com/profile.php?id=100068478772328&locale=es_LA,,,Teniente Merino 501,,,-47.2532643,-72.5755675,no,https://www.openstreetmap.org/node/1571722174
Almacenes Eca,supermarket,,,telefono,+56 672522227,eca_cochrane@hotmail.com,https://instagram.com/almaceneseca,https://facebook.com/almaceneseca,,,Río Colonia 85,,,-47.2534082,-72.5704573,no,https://www.openstreetmap.org/node/1571724365
Envy Bike,bicycle,,,red social,,,https://instagram.com/envybike.cl,,,,Avenida Condell 996,Providencia,,-33.4440172,-70.6265054,no,https://www.openstreetmap.org/node/1684161543
Sushi Kyodai,fast food,,,telefono,+56 981 740 809,,https://instagram.com/sushikyodai7,,,,Aníbal Pinto 1553,,,-36.8154636,-73.0570252,no,https://www.openstreetmap.org/node/1700360190
Turismo Rural El Encanto - Camping,,,,telefono,+56 9 5604 2531;+56 9 9440 0578,,https://instagram.com/turismo_encanto,https://facebook.com/TurismoEncanto,,,,,,-36.5250925,-72.913105,no,https://www.openstreetmap.org/node/2080745518
Café Nogal,cafe,,,telefono,+56 552 831 135,,https://instagram.com/cafe_nogal.ccp,,,,Barros Arana 1010,Concepción,,-36.8247551,-73.0457902,no,https://www.openstreetmap.org/node/2082280292
Dimarco,ice cream,,,telefono,+56 982 484 845,,https://instagram.com/dimarco_gelatocaffe,,,,Aníbal Pinto 486,Concepción,,-36.826572,-73.0495403,no,https://www.openstreetmap.org/node/2082338998
Camping Las Torres Del Simpson,,,,telefono,+56 9 9493 9945,,https://instagram.com/lastorresdelsimpson,https://facebook.com/Refugiocampingpuertoaysen,,,,,,-45.42434,-72.4417196,no,https://www.openstreetmap.org/node/2655041083
Camping y Refugio Río Ñadis,,,,telefono,+56 981851625,lillischindele@yahoo.de,https://instagram.com/refugiorionadis,https://facebook.com/Refugio-y-Camping-Rio-Ñadis-100085367386220,,,,,,-47.4844741,-72.9420693,no,https://www.openstreetmap.org/node/2711404204
La Cabañita de Felidor,,,,telefono,+56 9 5223 0677,,https://instagram.com/lacabanitadefelidor,,,,,,,-46.285244,-71.9450905,no,https://www.openstreetmap.org/node/2731591083
Cabañas Praga,,,,telefono,+56 9 4128 2049,,https://instagram.com/cabanaspragapv,,,,San Bernardo 202,Puerto Varas,Región de Los Lagos,-41.3159349,-72.9854955,no,https://www.openstreetmap.org/node/2763953580
Papasone,fast food,,,telefono,+56 413 182 181,,https://instagram.com/papasoneconce,,,,Brasil 702,,,-36.8140056,-73.0575961,no,https://www.openstreetmap.org/node/2786978612
Alto Lawuen,restaurant,,,telefono,+56 950 826 389,,https://instagram.com/alto_lawuen,,,,Avenida Presidente Frei,Cañete,,-37.7916843,-73.3888696,no,https://www.openstreetmap.org/node/2852195687
XL,fast food,,,telefono,+56986851413,,https://instagram.com/xlsandwich,,,,Avenida Los Placeres 333,,,-33.0368622,-71.5958364,no,https://www.openstreetmap.org/node/3029095968
Sumo Sushi,restaurant,,,telefono,+56 413 233 301,,https://instagram.com/sumo.sushi.bar,,,,Avenida Paicaví 217,Concepción,,-36.8260224,-73.0407201,no,https://www.openstreetmap.org/node/3110308118
Chef Carlitos,restaurant,,,telefono,+56 413 242 133,chefcarlito@gmail.com,https://instagram.com/chefcarlitos_oficial,https://facebook.com/Rchefcarlitos,,,San Martín 1447,,,-36.8244282,-73.0394553,no,https://www.openstreetmap.org/node/3238969150
Riescoffee,cafe,,,red social,,,https://www.instagram.com/riescoffee,,,,Germán Riesco Errázuriz 609,San Vicente de Taguatagua,,-34.4401693,-71.075014,no,https://www.openstreetmap.org/node/3393301364
Tokio Wok & Bar,fast food,,,red social,,,https://instagram.com/tokiowokbol,,,,125,Concepción,,-36.826526,-73.0403556,no,https://www.openstreetmap.org/node/3574909900
Café Callejón,cafe,,,red social,,,https://instagram.com/cafecallejon,,,,Diagonal Pedro Aguirre Cerda 1269,Concepción,,-36.8265543,-73.0406693,no,https://www.openstreetmap.org/node/3574909901
Deli House,restaurant,,,telefono,+56 939 342 952,,https://instagram.com/deli_house,,,,Diagonal Pedro Aguirre Cerda 1234,Concepción,,-36.8267256,-73.0413945,no,https://www.openstreetmap.org/node/3574950795
Ala Turca,restaurant,,,red social,,,https://instagram.com/alaturca_concepcion,,,,Avenida Paicaví 395,Concepción,,-36.8243633,-73.0417713,no,https://www.openstreetmap.org/node/3574950798
Bio-Boulder,,,,red social,,,https://instagram.com/bioboulder_escalada,https://facebook.com/bio.boulder,,,Aníbal Pinto 1220,Concepción,,-36.8189103,-73.05445,no,https://www.openstreetmap.org/node/3667170626
Yang Yang Bubble Tea,cafe,,,red social,,,https://instagram.com/yangyangbubbletea,,,,Diagonal Pedro Aguirre Cerda 1238,Concepción,,-36.8267378,-73.0410691,no,https://www.openstreetmap.org/node/3718818144
Bicicleteria El Pelao,bicycle,,,telefono,+56 9 4707 8226,,https://instagram.com/bicicleteriaelpelao,,,,,,,-39.2754055,-71.9708665,no,https://www.openstreetmap.org/node/3739757507
Restaurant Izakaya Yoko,restaurant,,,red social,,,https://www.instagram.com/izakaya.yoko_,,,,Del Salvador 547,Puerto Varas,Región de Los Lagos,-41.3177699,-72.9862846,no,https://www.openstreetmap.org/node/3924284249
Lo del Ale,,,,telefono,+56 952216808,reservaslodelale2017@gmail.com,https://www.instagram.com/camping_chilechico,https://web.facebook.com/p/Camping-lo-del-Ale-100063481271303,,,Avenida Bernardo O'Higgins,,,-46.5428312,-71.7152169,no,https://www.openstreetmap.org/node/4490852498
Eco Camping Pichicolo,,,,red social,,,https://instagram.com/ecocampingpichicolo,,,,,,,-42.0000452,-72.5944625,no,https://www.openstreetmap.org/node/4617428449
Clubfit Gym,,,,telefono,+56 9 5453 5503,contactoclubfitgym@gmail.com,https://www.instagram.com/clubfit_gym/?hl=es,https://www.facebook.com/p/ClubFit-Gym-100063452511156,,,Las Quilas 1420,,,-36.9827922,-73.1616875,no,https://www.openstreetmap.org/node/4650014964
Tren al Sur Café,cafe,,,red social,,,https://instagram.com/oliverscoffeeespeciality,,,,Avenida Italia 1354,Providencia,,-33.4470995,-70.6245178,no,https://www.openstreetmap.org/node/4652320620
LavaTú,laundry,,,telefono,+56956993082,,https://instagram.com/lavatu_castro,,,,Gamboa 592,Castro,,-42.4817821,-73.7680589,no,https://www.openstreetmap.org/node/4654747292
Cumbres Pizza,restaurant,,,telefono,+ 56 949936009,cumbrespizza@gmail.com,https://instagram.com/cumbres.pizza,https://facebook.com/cumbrespizza?_rdc=1&_rdr,,,Teniente Merino 501,,,-47.2532548,-72.5756597,no,https://www.openstreetmap.org/node/4717131712
Berlintexx,clothes,,,red social,,,https://instagram.com/btx_cl,,,,Barros Arana 724,,,-36.8262319,-73.0494912,no,https://www.openstreetmap.org/node/4787459021
Cervecería Tehuelche,pub,,,telefono,+56 966283961,tabernatehuelche@gmail.com,https://instagram.com/cerveceriatehuelche,https://facebook.com/tabernatehuelche,,,Teniente Merino 372,,,-47.253225,-72.5759281,no,https://www.openstreetmap.org/node/5171865252
Camping Río Cajón,,,,telefono,+56 9 8198 9572,,https://instagram.com/camping_rio_cajon,,,,,,,-46.1283401,-72.5591991,no,https://www.openstreetmap.org/node/5219553221
La picá de Pedro,restaurant,,,telefono,+56 412 245 424,lapicadepedro2@gmail.com,https://instagram.com/lapicadepedro_ccp,,,,Rengo 1502,Concepción,,-36.8168268,-73.0588502,no,https://www.openstreetmap.org/node/5229411221
Margoni Bike,bicycle,,,telefono,+56 9 6607 9203,,https://instagram.com/margonibike,https://facebook.com/margonibike,,+56 9 6607 9203,,,,-53.1483933,-70.9090608,no,https://www.openstreetmap.org/node/5250642622
Supermercado El Arriero,convenience,,,red social,,,https://instagram.com/supermercado_elarriero,,,,San Valentín 146,,,-47.2518027,-72.578947,no,https://www.openstreetmap.org/node/5401285780
Los Pincheira,fast food,,,red social,,,https://instagram.com/lospincheira.nunoa,,,,Alcalde Jorge Monckeberg 756,Ñuñoa,,-33.4618292,-70.5845236,no,https://www.openstreetmap.org/node/5419522921
Maga,yes,,,telefono,+56 412 247 076,comercial.maga@gmail.com,https://instagram.com/maga_refrigeracion,https://facebook.com/p/Maga-Refrigeraci%C3%B3n-100063494003899,,,Rengo 898,,,-36.8233188,-73.0548965,no,https://www.openstreetmap.org/node/5444086407
Farmacia Veterinaria Vidas,pharmacy,,,telefono,+56 950 581 932,,https://instagram.com/farmaciaveterinariavidas,,,,Colo Colo 659,,,-36.8242126,-73.0497678,no,https://www.openstreetmap.org/node/5648436143
Panadería Dulce Secreto,bakery,,,red social,,,https://instagram.com/dsecreto2023,,,,Arturo Fernández Vial 2816,,,-36.8080808,-73.0723304,no,https://www.openstreetmap.org/node/5648491911
Maldita Sea,nightclub,77.804.201-0,probable (nombre+comuna contra Registro de Empresas y Sociedades),red social,,,https://instagram.com/malditasea.ccp,,,,Rengo 1624,Concepción,,-36.8160146,-73.0594468,no,https://www.openstreetmap.org/node/5821377687
Camping El Paraíso,,,,telefono,+56 9 9464 1062,,https://instagram.com/paraisodecuracautin,https://facebook.com/CampingElParaisoCuracautin,,,,,,-38.4558657,-71.8691077,no,https://www.openstreetmap.org/node/5897301350
Camping Refugio Neozelandes,,,,telefono,+56 9 9302 1403,,https://instagram.com/camping_refugio_neozelandes,,,,,,,-46.1159197,-72.2202956,no,https://www.openstreetmap.org/node/5966792315
Cabaña Nirvana,,,,telefono,+56 984739212; +56 956294589,ingrid_espinoza03@hotmail.com,https://instagram.com/c.nirvanacochrane,https://facebook.com/profile.php?id=100077746694090,,,San Valentín 798,,,-47.2513981,-72.5796484,no,https://www.openstreetmap.org/node/6267108944
La Zaranda,restaurant,,,red social,,,https://instagram.com/lazarandacochrane,,,,,,,-47.2522522,-72.5671859,no,https://www.openstreetmap.org/node/6267108990
Regalitos Luna,gift,,,correo,,luna.salas1978@gmail.com,https://instagram.com/tienda.regalitosluna,https://facebook.com/profile.php?id=100054260870441,,,Doctor Steffens 206,,,-47.2540722,-72.5785994,no,https://www.openstreetmap.org/node/6267109118
Mantencion Bike,bicycle,,,red social,,,https://instagram.com/mantencionbike,https://facebook.com/MantencionBike,,,,,,-35.3290604,-72.4124349,no,https://www.openstreetmap.org/node/6332832749
Illuminati,nightclub,,,red social,,,https://www.instagram.com/illuminati_disco,,,,Antonia López de Bello 133,Recoleta,,-33.43174,-70.6393071,no,https://www.openstreetmap.org/node/7027175885
Café & Pastelería Planeta Brunch,cafe,,,telefono,+56 9 6523 0039,,https://www.instagram.com/planetabrunch,,,,Lautaro 175,Valdivia,Región de Los Ríos,-39.8162373,-73.2472107,no,https://www.openstreetmap.org/node/7139782854
Rincón Tulahuén,handicraft,,,red social,,,https://instagram.com/rtulahuen2,,,,,,,-30.9651506,-70.7679262,no,https://www.openstreetmap.org/node/7167849559
Bocetto,cafe,,,red social,,,https://instagram.com/cafebocetto,https://facebook.com/cafe,,,,,,-29.9024863,-71.2492718,no,https://www.openstreetmap.org/node/7167930099
4ta Avenida,restaurant,,,red social,,,https://instagram.com/4ta.avenida;#4taavenida,,,,,,,-29.9055778,-71.2526191,no,https://www.openstreetmap.org/node/7167934114
Almacén Tulahuén,convenience,,,red social,,,https://instagram.com/almacentulahuen,https://facebook.com/almacén,,,,,,-30.9627809,-70.7717062,no,https://www.openstreetmap.org/node/7167940291
El Chico Leo,restaurant,,,telefono,652681567,,https://instagram.com/hotel.elchicoleo,,,,Costanera Pedro Montt 325,,,-43.1206649,-73.6174803,no,https://www.openstreetmap.org/node/7253158986
Aerolineas Estelar,travel agency,,,telefono,+56-973-108342,,https://www.instagram.com/aerolineasestelar,https://www.facebook.com/Aerolineas-Estelar-253492251349207,,,Avenida Los Leones 211,Providencia,,-33.4218474,-70.6053539,no,https://www.openstreetmap.org/node/7310533049
Poco Box,,,,telefono,+56985055756,,https://instagram.com/pocobox.qlcr,,,+56985055756,Lo Marcoleta 170,,,-33.3583948,-70.7388393,no,https://www.openstreetmap.org/node/7459548413
Kassa Houseware Store,houseware,,,red social,,,https://instagram.com/kassaconcepcion.cl,,,,Barros Arana 890,Concepción,,-36.8254423,-73.0476039,no,https://www.openstreetmap.org/node/8197819219
Bosques de Chacay BikePark,,,,telefono,+56 9 8401 8668,,https://instagram.com/bosquesdechacaycl,https://facebook.com/bosquesdechacay,,,,,,-37.347648,-72.9160881,no,https://www.openstreetmap.org/node/8235201898
La Plancha,restaurant,,,red social,,,https://instagram.com/laplanchasandwich,https://facebook.com/laplanchasandwich,,,,,,-33.561443,-70.7592051,no,https://www.openstreetmap.org/node/8244791151
Bon Moment Helados,ice cream,,,red social,,,https://www.instagram.com/bonmoment.helados,,,,,,,-37.5012804,-72.6734161,no,https://www.openstreetmap.org/node/8265173973
Divinos Boutique,variety store,,,red social,,,https://www.instagram.com/divinos_byb/?hl=es-la,https://www.facebook.com/Divinos.byb,,,,,,-37.5010917,-72.6723969,no,https://www.openstreetmap.org/node/8265173974
Tamara,,,,red social,,,https://instagram.com/t_aam_,,,,,,,-35.5942697,-71.7396255,no,https://www.openstreetmap.org/node/8815127677
La Cahuileña,fast food,,,telefono,+56 954044079,,https://www.instagram.com/lacahuilena,,,,Camino a Cáhuil,Cáhuil,,-34.4838419,-72.0109154,no,https://www.openstreetmap.org/node/9027401585
Camping Aquasol,,,,telefono,+56 9 8894 7540,,https://instagram.com/campingaquasolcochran_,https://facebook.com/CampingAquaSol,,,,,,-47.2539258,-72.5450528,no,https://www.openstreetmap.org/node/9203200770
Topshoes Calzados,shoes,,,red social,,,https://www.instagram.com/topshoes_calzados,,,,,,,-34.1677503,-70.7502196,no,https://www.openstreetmap.org/node/9238348876
La Casa Jardín,kindergarten,,,red social,,,https://www.instagram.com/jardinlacasajardin,https://www.facebook.com/jardinlacasajardin,,,,,,-33.6597835,-70.8788001,no,https://www.openstreetmap.org/node/9355689741
Buffalo Patagón,restaurant,,,telefono,+56 9 4953 8303,,https://instagram.com/buffalo.patagon,,,,,,,-41.9654647,-72.468633,no,https://www.openstreetmap.org/node/9712853717
Chile Ferret,hardware,77.803.335-6,probable (nombre+comuna contra Registro de Empresas y Sociedades),telefono,+56957173892,,https://instagram.com/chileferret,https://www.facebook.com/chileferret,,,Andrés Bello 406,Limache,,-33.011446,-71.2584002,no,https://www.openstreetmap.org/node/9805201331
CasayPlanta,garden centre,,,telefono,+56323516554,,https://www.instagram.com/casayplanta,,,,Avenida Blanca Estela 2035,Concón,,-32.94206,-71.5223211,no,https://www.openstreetmap.org/node/9966567260
Gales Restobar,pub,,,red social,,,https://www.instagram.com/galesrestobar_,,,,,,,-33.4385828,-70.5604613,no,https://www.openstreetmap.org/node/10080791383
Basilico Pizzería,restaurant,,,telefono,+56 9 3053 5922,,https://instagram.com/basilicopizzeria.cl,,,,El Escorial 451,Estación Central,,-33.4670968,-70.7095209,no,https://www.openstreetmap.org/node/10129829836
D'talles,stationery,,,red social,,,https://instagram.com/dtallescecy,https://facebook.com/Cecy,,,Homero Castro 150,,,-32.88822,-71.2453676,no,https://www.openstreetmap.org/node/10209616033
Los Paisas,fast food,,,telefono,+56956717697,,https://instagram.com/Los,,,,Coronel Santiago Bueras,Limache,,-33.0104776,-71.2688144,no,https://www.openstreetmap.org/node/10217717332
Camping El Canto del Agua,,,,telefono,+56 9 7772 1800,,https://instagram.com/camping_elcantodelagua,https://facebook.com/100063496273155,,,,,,-38.4640291,-71.8566204,no,https://www.openstreetmap.org/node/10492179910
Coffees & Barbers,hairdresser,,,red social,,,https://www.instagram.com/coffees.barbers.co,,,,,,,-33.4503818,-70.5883702,no,https://www.openstreetmap.org/node/10605358617
La Emperatriz,beauty,,,red social,,,https://www.instagram.com/laemperatrizcl,,,,,,,-33.4504021,-70.5883246,no,https://www.openstreetmap.org/node/10612548626
Ipechi Lautaro,place of worship,,,red social,,,https://www.instagram.com/jupechilautaro,,,,,,,-38.5375951,-72.4379861,no,https://www.openstreetmap.org/node/10674980514
Republimarket,convenience,,,telefono,+56942140699,,https://instagram.com/republimarket,https://facebook.com/republimarkettualmacen,,,,,,-33.0070496,-71.2531319,no,https://www.openstreetmap.org/node/10735076555
Jardín Infantil y Sala Cuna Creceres,kindergarten,,,red social,,,https://www.instagram.com/creceres_jardines,,,,,,,-33.4168765,-70.5522803,no,https://www.openstreetmap.org/node/10981086168
La,restaurant,,,telefono,+56945341770,,https://instagram.com/la.picademacul,,,,Las Dalias 2707,,,-33.4794009,-70.6029729,no,https://www.openstreetmap.org/node/11078009205
Reina Victoria,cafe,,,telefono,9 3711 7661,reinavictoria.cl@gmail.com,https://instagram.com/reinavictoria.cl,https://facebook.com/100063791003667,,,Paseo Peatonal Independencia 667,,,-34.1696658,-70.7443266,no,https://www.openstreetmap.org/node/11144364435
Patitas Felices,pet,,,telefono,+56 9 5053 4159,,https://www.instagram.com/Patitasfelices1147,,,+56 9 5053 4159,Avenida Salesianos 1147,San Miguel,,-33.4918215,-70.6529571,no,https://www.openstreetmap.org/node/11149078530
Dreams Café,cafe,77.604.374-5,probable (nombre+comuna contra Registro de Empresas y Sociedades),red social,,,https://instagram.com/dreamscafetogo,,,,Avenida Chacabuco 1356,Concepción,,-36.8274116,-73.0394424,no,https://www.openstreetmap.org/node/11164004461
Lucerna,bakery,,,telefono,+56 412 228 912,heladerialucerna@gmail.com,https://instagram.com/panaderialucerna,,,,Barros Arana 1001,,,-36.8245622,-73.0459834,no,https://www.openstreetmap.org/node/11164201143
Club Tengen de Go,,,,red social,,,https://instagram.com/clubtengen,,,,General Parra 674,Providencia,,-33.4340184,-70.6242423,no,https://www.openstreetmap.org/node/11281172534
Club de GO Chileno,,,,red social,,,https://instagram.com/hoshinokoen,,,,,,,-33.4444366,-70.6793194,no,https://www.openstreetmap.org/node/11281487038
Club de Go ICO,,,,red social,,,https://www.instagram.com/clubdegoico,,,,,,,-33.4157338,-70.5694437,no,https://www.openstreetmap.org/node/11281492826
Escuela Especial de Lenguaje Semillita,school,,,telefono,+56412471252;+56982010261,elenguaje.semillita@gmail.com,https://instagram.com/elenguaje.semillita,,,,Los Pitíos 643,Hualpén,,-36.7932838,-73.0812771,no,https://www.openstreetmap.org/node/11281839111
Escuela Especial Play School,school,,,red social,,,https://instagram.com/cetplayschool23,,,,Las Rosas 1735,San Pedro de la Paz,,-36.8348805,-73.1092877,no,https://www.openstreetmap.org/node/11329087595
Cibus Restobar,bar,,,telefono,+56 233 171 402,,https://instagram.com/cibus_ccp,,,,Edmundo Larenas 134,Concepción,,-36.8296236,-73.0386833,no,https://www.openstreetmap.org/node/11362559492
Federación de Estudiantes Universidad de Concepción,university,,,red social,,,https://instagram.com/fec.udec,,,,119,Concepción,,-36.8270705,-73.0404407,no,https://www.openstreetmap.org/node/11369616637
Buena Vida,restaurant,,,telefono,+56 958067202,,https://instagram.com/buenavidaccp,,,,Diagonal Pedro Aguirre Cerda 1279,Concepción,,-36.8265788,-73.0405458,no,https://www.openstreetmap.org/node/11369866467
Odontológika,dentist,,,telefono,+56 412 520 000,,https://instagram.com/clinica_odontologika,,,,Avenida Chacabuco 1375,Concepción,,-36.826639,-73.0389824,no,https://www.openstreetmap.org/node/11369866468
Nativos,pub,,,red social,,,https://instagram.com/nativos_ccp,,,,Janequeo 115,Concepción,,-36.8265421,-73.0387475,no,https://www.openstreetmap.org/node/11369868969
Camping Natour,,,,telefono,+56 9 4234 2799,,https://instagram.com/chile.natour.cl,https://facebook.com/natour.cl,,,,,,-42.8550513,-72.7960397,no,https://www.openstreetmap.org/node/11401523632
Renacer,bakery,,,red social,,,https://instagram.com/panaderia_renacer_canete,,,,Avenida Presidente Frei 637,Cañete,,-37.7931214,-73.3902964,no,https://www.openstreetmap.org/node/11411028570
Nueva Ilusión,fast food,,,telefono,+56 412 156 706,,https://instagram.com/restaurante_nuevailusion,,,,José M. Infante,Cañete,,-37.7944197,-73.3912147,no,https://www.openstreetmap.org/node/11411028572
Meraki,cafe,,,red social,,,https://instagram.com/meraki.canete,,,,Saavedra 691,Cañete,,-37.8009148,-73.3999611,no,https://www.openstreetmap.org/node/11413629061
Nuez Café,restaurant,,,red social,,,https://instagram.com/nuez_cafe,,,,Saavedra 892,Cañete,,-37.7993547,-73.3991123,no,https://www.openstreetmap.org/node/11413631279
Bendita Pizza,fast food,,,telefono,+56 987 387 953,,https://instagram.com/pizzabendita.cl,,,,O'Higgins 982,Concepción,,-36.825989,-73.0456078,no,https://www.openstreetmap.org/node/11423156724
Divina Gula,restaurant,,,telefono,987531079,,https://instagram.com/Divina_gula,,,,"Ruta 66 KM 62, Las Cabras",,,-34.171739,-71.397466,no,https://www.openstreetmap.org/node/11495403369
Madeleine,bakery,,,telefono,+56 9 8868 4571,,https://instagram.com/madeleine.panaderia,,,,Avenida Condell 1636,,,-33.4495412,-70.6249935,no,https://www.openstreetmap.org/node/11515215169
Rustik,cafe,,,red social,,,https://instagram.com/rustik_coffee,,,,Avenida Italia 1439,,,-33.4477422,-70.6250944,no,https://www.openstreetmap.org/node/11515218269
Café Black Mamba,cafe,,,red social,,,https://instagram.com/cafeblackmamba,,,,Huelén 71,,,-33.4314078,-70.6232354,no,https://www.openstreetmap.org/node/11515225069
Farmacia integral,pharmacy,,,red social,,,https://instagram.com/farma.integral,,,,Avenida Irarrázaval 660,,,-33.4529166,-70.6234857,no,https://www.openstreetmap.org/node/11515375870
Farmacia Ekonoplus,pharmacy,,,red social,,,https://instagram.com/ekonoplus.farmacia,https://facebook.com/ekonoplus.farmacia,,,Cirujano Videla 1315,,,-33.451634,-70.6178332,no,https://www.openstreetmap.org/node/11515380270
La Cava del Barrio,wine,,,red social,,,https://instagram.com/lacavadelbarrio,,,,Avenida Italia 1449,,,-33.4478454,-70.6249087,no,https://www.openstreetmap.org/node/11557681069
La Temucana,bakery,,,red social,,,https://instagram.com/la_temucana,,,,Avenida Quebrada de Macul 7191,,,-33.5069848,-70.5588229,no,https://www.openstreetmap.org/node/11558491467
Runway Automotriz,,,,telefono,+56998466559,,https://instagram.com/run_wayautomotriz,,https://tiktok.com/run_wayautomotriz,,,,,-33.0250636,-71.2745829,no,https://www.openstreetmap.org/node/11608623988
Vintage Burgers,fast food,,,telefono,+56 962 242 620,,https://instagram.com/vintage_burgers,,,,Segundo de Línea 757,Cañete,,-37.8006958,-73.3976077,no,https://www.openstreetmap.org/node/11631823637
Hotel Mont Suite,,,,telefono,+56 9 79976074,hotelmontsuite@gmail.com,https://instagram.com/hotelmontsuite_monteaguila,,,,Zañartu 95,,,-37.0835746,-72.4388065,no,https://www.openstreetmap.org/node/11635419788
Gastrobar Supremo,bar,,,telefono,+56 9 86015359,,https://instagram.com/supremogastrobar,,,,Zañartu 95,,,-37.0841278,-72.4389829,no,https://www.openstreetmap.org/node/11635419790
Camping Patagonia,,,,telefono,+56 9 6292 3349,,https://instagram.com/camping.patagonia,,,,,,,-39.8253719,-72.0483774,no,https://www.openstreetmap.org/node/11638827509
AKA Sushi & Burger,restaurant,,,telefono,+56920193948,,https://www.instagram.com/akasushiburger,,,,Avenida Parque Central Oriente 1231,Maipú,,-33.5617629,-70.7851052,no,https://www.openstreetmap.org/node/11727112815
Club de Go Kawabata,,,,red social,,,https://www.instagram.com/kawabata_go,,,,,,,-33.0349515,-71.5949844,no,https://www.openstreetmap.org/node/11867570197
Kinwa,fast food,,,telefono,+56 977 525 268,kinwachile@gmail.com,https://instagram.com/kinwachile,https://facebook.com/kinwachile,,,Avenida Paicaví 93,Concepción,,-36.8273505,-73.0398605,no,https://www.openstreetmap.org/node/11899835311
Club Boga,nightclub,,,red social,,,https://instagram.com/clubboga,,,,Argentina 602,Concepción,,-36.8151426,-73.0572295,no,https://www.openstreetmap.org/node/11914376828
Buses Cordillera,ticket,,,telefono,+56 954 253 232,,https://instagram.com/buses_cordillera,,,,Tucapel 875,Concepción,,-36.8210742,-73.0486139,no,https://www.openstreetmap.org/node/11961021283
Bar Galería Aura,bar,,,telefono,+56 986 420 646,,https://instagram.com/bargaleriaaura_,,,,Ongolmo 42,Concepción,,-36.8281791,-73.0405222,no,https://www.openstreetmap.org/node/11963849352
Dulces Ñami,confectionery,,,whatsapp,,,https://instagram.com/dulces_nami,,,56976877931,Avenida La Concepción 994,,,-33.0152037,-71.2635952,no,https://www.openstreetmap.org/node/12152209826
Museo de Constitución,,,,red social,,,https://instagram.com/museo_de_constitucion,,,,Freire 412,Constitucion,,-35.330911,-72.4121049,no,https://www.openstreetmap.org/node/12291983414
Food Truck El Bajón de Escalador,fast food,,,telefono,+56989148895,,https://instagram.com/Elbajondeescalador,,,,Arturo Prat,,,-41.4951759,-72.3102683,no,https://www.openstreetmap.org/node/12304919001
El Glotón del Brayan,fast food,,,red social,,,https://instagram.com/elgloton_delbrayan,,,,,,,-33.615458,-70.5867957,no,https://www.openstreetmap.org/node/12335836833
Al San Lorenzo Burger & Sushi,bar,,,telefono,+56 981845264,,https://instagram.com/al_san_lorenzo_cochrane,,,,Doctor Steffens,,,-47.2544895,-72.5744895,no,https://www.openstreetmap.org/node/12347109401
Mi Padel,,,,red social,,,https://instagram.com/mipadel.sanjoaquin,,,,Juan Sebastián Bach 236,,,-33.4799079,-70.6261735,no,https://www.openstreetmap.org/node/12417400301
Papa's Shop,bar,,,red social,,,https://instagram.com/papashop.cl,,,,Avenida Providencia 455,,,-33.43505,-70.6274804,no,https://www.openstreetmap.org/node/12423422801
Camping Sendero Cerro Castillo,,,,telefono,+56 9 9717 5431,,https://instagram.com/camping_sendero_cerro_castillo,,,,,,,-46.1121088,-72.2001254,no,https://www.openstreetmap.org/node/12424836401
Refugio Río Cóndor y Cerveza Milenaria,,,,telefono,+56992171535,leoskatan@hotmail.com,https://instagram.com/refugio_rio_condor;@cerveza_milenaria_artesanal,,,,,Villa O´higgins,,-48.820435,-73.0212414,no,https://www.openstreetmap.org/node/12453122228
KEN SHIN KAN - GOJU RYU - KARATE DO,dojo,,,telefono,+56984689297,kskmagallanes@gmail.com,https://instagram.com/kenshinkan_magallanes,https://facebook.com/Ken,,,Enrique Abello 0292,Punta Arenas,,-53.1370364,-70.8954375,no,https://www.openstreetmap.org/node/12455828781
303! Yo Cocino,fast food,,,telefono,+56953479060,,https://www.instagram.com/303yococino,,,,Avenida Simón Bolívar 3275,Ñuñoa,,-33.4491159,-70.5954345,no,https://www.openstreetmap.org/node/12496121529
Wallpa Ñawi,restaurant,,,red social,,,https://www.instagram.com/wallpa_nawi,,,,Avenida Simón Bolívar 3737,Ñuñoa,,-33.4486328,-70.5926366,no,https://www.openstreetmap.org/node/12502212598
Irrev3rente,restaurant,,,red social,,,https://instagram.com/irrev3rente,,,,,,,-33.4404068,-70.6351742,no,https://www.openstreetmap.org/node/12511334901
Versus,dojo,,,red social,,,https://www.instagram.com/versus.nunoa,,,,,,,-33.450396,-70.5881918,no,https://www.openstreetmap.org/node/12519070896
Voy Contigo Café,cafe,,,red social,,,https://www.instagram.com/voycontigocafe,,,,,,,-33.4503148,-70.5881449,no,https://www.openstreetmap.org/node/12519070897
Salon de belleza Mimo Mento,beauty,,,red social,,,https://www.instagram.com/salon_mimomento,,,,Avenida Irarrázaval 3260,Ñuñoa,,-33.4547885,-70.5968834,no,https://www.openstreetmap.org/node/12533026046
ER Bike,bicycle,,,red social,,,https://instagram.com/erbike_chile,,,,,,,-33.4343527,-70.6494725,no,https://www.openstreetmap.org/node/12537584501
Capital Padel,,,,red social,,,https://instagram.com/capitalpadel.santiagocentro,,,,Eyzaguirre 733,,,-33.4515734,-70.645391,no,https://www.openstreetmap.org/node/12544867201
Cafe Maori,cafe,,,red social,,,https://instagram.com/cafe_maori,,,,Avenida Italia 1187,,,-33.4456867,-70.6254604,no,https://www.openstreetmap.org/node/12545033701
Escarlatta Gourmet,bakery,,,red social,,,https://www.instagram.com/escarlattagourmet,,,,Manuel Bulnes 801,,,-51.7267619,-72.4995338,no,https://www.openstreetmap.org/node/12556202161
Barbacoa,restaurant,,,telefono,+56 9 8921 4637,,https://instagram.com/barbacoa_cl,,,,Avenida Rancagua 438,,,-33.4401138,-70.6266567,no,https://www.openstreetmap.org/node/12563438201
Laiv Coffee,cafe,,,red social,,,https://instagram.com/laivcoffee,,,,Miraflores 630,,,-33.4353395,-70.6460514,no,https://www.openstreetmap.org/node/12565743002
Hospedaje Ely,,,,red social,,,https://instagram.com/hospedaje_familiar_ely,,,,Juan Soler Manfredini,,,-42.9253546,-72.7091312,no,https://www.openstreetmap.org/node/12587547601
Oassis Canino,pet grooming,,,telefono,56947700676,,https://instagram.com/Oassis.Canino,https://facebook.com/Oassis,,,Unión 2324,,,-33.0374967,-71.3925196,no,https://www.openstreetmap.org/node/12601623538
La Fogata,restaurant,,,telefono,+56978985641,,https://www.instagram.com/la_fogata_puerto_tranquilo_,,,,El Salto 186,Puerto Río Tranquilo,,-46.6252119,-72.6775751,no,https://www.openstreetmap.org/node/12617981161
Domani Pizza,restaurant,,,red social,,,https://instagram.com/domanipizzabar,,,,Avenida Italia 758,Providencia,,-33.4421395,-70.6261502,no,https://www.openstreetmap.org/node/12626737001
Krossbar,restaurant,,,red social,,,https://instagram.com/domanipizzabar,,,,Avenida Italia 758,,,-33.4421552,-70.6255674,no,https://www.openstreetmap.org/node/12626804701
Espacio Active,,,,red social,,,https://instagram.com/espacio_active,,,,Avenida Carlos Silva Vildósola 790,,,-33.4777858,-70.6434463,no,https://www.openstreetmap.org/node/12641837501
Mamba Negra,bar,,,red social,,,https://instagram.com/barmambanegra,,,,Avenida Chacabuco 1205,Concepción,,-36.8274855,-73.0410164,no,https://www.openstreetmap.org/node/12645838343
ConserBar,restaurant,,,red social,,,https://instagram.com/conserbar,,,,Avenida Condell 1189,,,-33.4458237,-70.6263408,no,https://www.openstreetmap.org/node/12724642002
Moscowa,restaurant,,,red social,,,https://instagram.com/moscowa.cl,,,,Avenida Condell 1213,,,-33.4459753,-70.6262894,no,https://www.openstreetmap.org/node/12724643001
El Karim,restaurant,,,red social,,,https://instagram.com/comidaarabechile,,,,Avenida Italia 1187,,,-33.4457237,-70.6254519,no,https://www.openstreetmap.org/node/12752841901
Padel Activa,,,,red social,,,https://instagram.com/padelactiva.cl,,,,Bellavista 180,,,-33.4341169,-70.6409344,no,https://www.openstreetmap.org/node/12772850802
Camping Ojo de Agua,,,,telefono,+56 9 8743 3445,,https://instagram.com/camping_ojo_de_agua,,,,,,,-37.9852236,-71.3134172,no,https://www.openstreetmap.org/node/12776761763
Carcasa coquimbo,mobile phone,,,red social,,,http://www.instagram.com/carcasacoquimb0,,,,José Santiago Aldunate 1431,Coquimbo,,-29.9567808,-71.3393263,no,https://www.openstreetmap.org/node/12800743172
Ocio Café,coffee,,,red social,,,https://instagram.com/ociocafecl,,,,Caupolicán 470,,,-33.4483238,-70.624376,no,https://www.openstreetmap.org/node/12803691801
La Loba Café,cafe,,,telefono,+56971087083,,https://instagram.com/lalobacafe,,,,Diagonal Rancagua 980,,,-33.4398088,-70.6200702,no,https://www.openstreetmap.org/node/12803693401
Milk Coffee Bar,cafe,,,red social,,,https://instagram.com/milkstgo,,,,Avenida El Bosque Norte 220,,,-33.4148728,-70.6019073,no,https://www.openstreetmap.org/node/12803693501
Green Padel,,,,red social,,,https://instagram.com/greenpadelstgo,,,,Pedro Montt 1468,,,-33.4729931,-70.653635,no,https://www.openstreetmap.org/node/12813127001
La Marplatense,cafe,,,telefono,56 9 9346 3869,,https://instagram.com/_lamarplatense_,,,,Avenida Bombero Domingo Villalobos 465,,,-34.1784801,-70.7160921,no,https://www.openstreetmap.org/node/12856240702
Bocaccio,cafe,,,red social,,,https://instagram.com/helados_bocaccio,,,,Avenida Vicente Méndez 1541,,,-36.5885182,-72.0756824,no,https://www.openstreetmap.org/node/12869274134
El Roble,restaurant,77.251.106-K,probable (nombre+comuna contra Registro de Empresas y Sociedades),red social,,,https://instagram.com/el_roble_ccp,,,,O'Higgins 1117,Concepción,,-36.8249844,-73.043974,no,https://www.openstreetmap.org/node/12885347788
El Sazón de Sady,restaurant,,,red social,,,https://instagram.com/elsazondesady,,,,Colo Colo 216,Concepción,,-36.828662,-73.0466867,no,https://www.openstreetmap.org/node/12885393301
Antonia,clothes,,,telefono,+56 963 938 011,,https://instagram.com/antoniaboutiqueconcepcion,,,,O'Higgins 780,Concepción,,-36.8270635,-73.0481623,no,https://www.openstreetmap.org/node/12887953865
Farmacia Concepción,pharmacy,,,telefono,+56 412 210 576,,https://instagram.com/farmaciaconcepcion,,,,Cochrane 1012,Concepción,,-36.8278599,-73.0440461,no,https://www.openstreetmap.org/node/12889296616
Farmacia Mendoza,pharmacy,,,red social,,,https://instagram.com/farmacia_mendoza_ccp,,,,Pasaje 17 425,Concepción,,-36.8065156,-73.0724803,no,https://www.openstreetmap.org/node/12896055786
Ale's Sandwich,fast food,,,red social,,,https://instagram.com/ales__sandwich,,,,Avenida España 496,,,-34.1599154,-70.7441392,no,https://www.openstreetmap.org/node/12919589202
Café Sole Améstica,pastry,,,telefono,+56 412 730 470,,https://instagram.com/soleamestica,,,,Martín Pinzón,Hualpén,,-36.8027606,-73.0826961,no,https://www.openstreetmap.org/node/12925038396
Nube Café,cafe,,,red social,,,https://instagram.com/nubecafe.cl,,,,O'Higgins 978,Concepción,,-36.8260377,-73.0457251,no,https://www.openstreetmap.org/node/12941869069
Papa Burger,fast food,,,telefono,+56 927 883 580,,https://instagram.com/papaburger.conce,,,,Avenida Arturo Prat 446,Concepción,,-36.8305087,-73.0582964,no,https://www.openstreetmap.org/node/12953050330
Da' Tito Pizza,restaurant,,,telefono,56 9 6565 7552,,https://instagram.com/datitopizzachile,https://facebook.com/datitopizzachile,,,Paseo Peatonal del Estado 593,,,-34.1724235,-70.7412399,no,https://www.openstreetmap.org/node/13058506004
Pons Razas,pet,,,telefono,56 9 7881 6505,,https://instagram.com/pons_razas,https://facebook.com/pons_razas,,,,,,-34.1801769,-70.7174954,no,https://www.openstreetmap.org/node/13078777001
Farmacia Manzanal,pharmacy,,,telefono,56 9 2684 6542,,https://instagram.com/farmaciamanzanal,,,,Avenida Einstein 857,,,-34.1821884,-70.7251372,no,https://www.openstreetmap.org/node/13085173101
Dejavu Restobar,pub,,,red social,,,https://instagram.com/dejavurestobar__,,,,Carlos Cousiño 205,Lota,,-37.0891738,-73.1616566,no,https://www.openstreetmap.org/node/13094904186
Kiyomi sushi-asian food,restaurant,,,red social,,,https://instagram.com/kiyomisushi.cl,,,,Amunátegui 81,,,-33.4428205,-70.6558765,no,https://www.openstreetmap.org/node/13189092901
Shawarma Sham,restaurant,,,telefono,56 9 4670 9277,,https://instagram.com/shawarmasham,,,,Avenida Capitán Antonio Millán 410,,,-34.1749919,-70.742122,no,https://www.openstreetmap.org/node/13193610211
Sushi An,fast food,,,telefono,+56 9 7372 7970,,https://instagram.com/sushi__an_delivery,,,,Yerbas Buenas 412,Valdivia,,-39.8179752,-73.2448447,no,https://www.openstreetmap.org/node/13233344170
Ruzetti Caffè,cafe,,,red social,,,https://instagram.com/cafferuzetti,,,,Alberto Solari Magnasco 1400,La Serena,,-29.9120924,-71.2569188,no,https://www.openstreetmap.org/node/13238017738
Fruna,confectionery,,,red social,,,https://instagram.com/fruna_rancaguaoficial,,,,Doctor José Antonio Salinas 1138,,,-34.1670104,-70.7505986,no,https://www.openstreetmap.org/node/13250239001
Mano Negra,fast food,,,red social,,,https://instagram.com/manonegrasangucheriamarinaccp,,,,Avenida Los Carrera 430,Concepción,,-36.824744,-73.0549077,no,https://www.openstreetmap.org/node/13254808070
Museo Patrimonial Pudahuel,,,,red social,,,https://www.instagram.com/museo_patrimonial_pudahuel,,,,Avenida General Óscar Bonilla 9085,Pudahuel,,-33.4482217,-70.7632671,no,https://www.openstreetmap.org/node/13256695970
Hostal Casa Raíces,,,,telefono,+56988840002,ale.ulloa.b@gmail.com,https://instagram.com/casaraiceshostal,,,,Francisco Bascur 20,,,-47.251214,-72.5683417,no,https://www.openstreetmap.org/node/13271206206
kofkewe,bakery,,,correo,,ale.ulloa.b@gmail.com,https://instagram.com/kofkewe,,,,Francisco Bascur 20,,,-47.2512782,-72.5683484,no,https://www.openstreetmap.org/node/13271206207
English Academy Cochrane,language school,,,telefono,+56 971374925,,https://instagram.com/englishacademycochrane,,,,,,,-47.2489345,-72.5676906,no,https://www.openstreetmap.org/node/13271206208
Camping Los Domos de Curarrehue,,,,telefono,+56 9 9917 7930,,https://instagram.com/losdomosdecurarrehue,,,,,,,-39.3147521,-71.5826708,no,https://www.openstreetmap.org/node/13273242988
Kalfu Patagonia,outdoor,,,telefono,+56 988274486,tiendakalfu@gmail.com,https://instagram.com/tienda_kalfu_cochrane,,,,Doctor Steffens 747,,,-47.2546594,-72.5702394,no,https://www.openstreetmap.org/node/13280414585
Donkame Yoko,restaurant,,,telefono,+56 9 7630 7760,,https://www.instagram.com/donkameyoko,,,,Bellavista 376,,,-33.4324964,-70.6300271,no,https://www.openstreetmap.org/node/13286347236
Barrio de Interés Regional Cochrane,government,,,telefono,+56 948082215,barrioscochrane@gmail.com,https://instagram.com/barriocochrane,https://facebook.com/PQMBCochrane,,,,,,-47.2519126,-72.5781358,no,https://www.openstreetmap.org/node/13295875507
Mate y Tortas Dulces,bakery,,,red social,,,https://instagram.com/mateytortasdulces,,,,Teniente Merino 445,,,-47.2533759,-72.5745256,no,https://www.openstreetmap.org/node/13302814968
Al Grano,convenience,,,telefono,+56 940259009,,https://instagram.com/tienda_algrano,https://facebook.com/profile.php?id=100075942163947,,,Las Golondrinas 489,,,-47.2542362,-72.574199,no,https://www.openstreetmap.org/node/13309701307
Turismo Onix,guide,,,telefono,+56 962161256,turismoonixpatagonia@gmail.com,https://instagram.com/turismoonixpatagonia,https://facebook.com/profile.php?id=100063231040025&locale=pt_PT,,,Vicente Previske 747,,,-47.251802,-72.569194,no,https://www.openstreetmap.org/node/13312352241
Club de Leones,community centre,,,red social,,,https://instagram.com/centroleonescoyhaique,https://facebook.com/profile.php?id=100018074950167,,,,,,-47.2532412,-72.5732039,no,https://www.openstreetmap.org/node/13315496722
Camping El Rancho de Palito,,,,telefono,+56 9 8768 5718,,https://instagram.com/elranchodepalito,https://facebook.com/1574294322841450,,,,,,-39.5014381,-71.8479385,no,https://www.openstreetmap.org/node/13321866698
Casa del Ciclista San Antonio,,,,telefono,+56 9 8930 9184;+56 9 8368 9145;+56 9 8718 7942,cicloviasanantonio@gmail.com,https://instagram.com/la_casa_del_ciclista_chile,,,,Avenida Chile 170,,,-33.6110611,-71.6083145,no,https://www.openstreetmap.org/node/13326962532
Logan Bike,bicycle,,,telefono,+56 9 9961 5161,,https://instagram.com/loganbikepichilemu,,,,,,,-34.3873615,-72.0035436,no,https://www.openstreetmap.org/node/13327295156
Camping Borde Río Rapel,,,,telefono,+56974753525,,https://instagram.com/camping_borderio_rapel,,,,,,,-33.9378483,-71.7377724,no,https://www.openstreetmap.org/node/13331388680
PalmaBike,bicycle,,,telefono,+56 9 8913 8179,palmabike.taller@gmail.com,https://instagram.com/palmabike,,,,Licancheu,,,-33.9410629,-71.784935,no,https://www.openstreetmap.org/node/13331781544
Pedal Vikingo,bicycle,,,telefono,+56 9 8895 6955,,https://instagram.com/pedalvikingo_taller,,,,,,,-34.1086884,-71.722435,no,https://www.openstreetmap.org/node/13333974917
Perfumes Cochrane,perfumery,,,red social,,,https://instagram.com/perfumes_cochrane,,,,,,,-47.2531716,-72.5765727,no,https://www.openstreetmap.org/node/13334835495
Zona Austral,clothes,,,telefono,+56 977684937,tiendazonaaustral@gmail.com,https://instagram.com/tiendazonaaustral,https://facebook.com/profile.php?id=61552708811207,,,,,,-47.2531579,-72.5766043,no,https://www.openstreetmap.org/node/13334835496
Sociedad Juan Martínez de Rozas,restaurant,,,red social,,,https://instagram.com/sociedadjuanmartinezderozas,,,,Freire 1158,Concepción,,-36.8230593,-73.0448194,no,https://www.openstreetmap.org/node/13334927382
Camping Rio Huenchullami,,,,telefono,+56 9 6510 2371,,https://instagram.com/camping_rio_huanchullami,https://facebook.com/Camping-R%C3%ADo-Huenchullami-100068801806228,,,,,,-35.1411858,-72.1978149,no,https://www.openstreetmap.org/node/13341543849
Distribuidora MYL,houseware,,,telefono,+56 948 084 467,,https://instagram.com/myldistribuidora,https://www.facebook.com/people/ML-Distribuidora-Chile/100023827483217,,,Caupolicán 721,Concepción,,-36.8245756,-73.0527849,no,https://www.openstreetmap.org/node/13343558851
Donde la mami,restaurant,,,red social,,,https://instagram.com/donde_la_mami_restaurante,,,,Caupolicán 721,Concepción,,-36.8244642,-73.0528317,no,https://www.openstreetmap.org/node/13343558853
Cycles Michelin,bicycle,,,red social,,,https://instagram.com/cycles.michelin,https://facebook.com/CycesMichelin,,,,,,-35.3355298,-72.4087518,no,https://www.openstreetmap.org/node/13344317595
Camping La Ola,,,,telefono,+56 9 9999 9695,,https://instagram.com/camping_la_ola,https://facebook.com/felipe.langer.969,,,,,,-35.8716888,-72.6554413,no,https://www.openstreetmap.org/node/13348377184
Il´Conti Bike & Race,bicycle,,,red social,,,https://instagram.com/il_.conti,,,,,,,-35.9623108,-72.3128128,no,https://www.openstreetmap.org/node/13353000384
Camping Purema,,,,red social,,,https://instagram.com/campingpurema,,,,,,,-36.4462031,-72.8830243,no,https://www.openstreetmap.org/node/13361597896
Camping Piedras Blancas,,,,telefono,+56 9781 08683,,https://instagram.com/camping_piedras_blancas,,,+56 9781 08683,,,,-37.2855873,-72.938858,no,https://www.openstreetmap.org/node/13364129221
Tierra Viva Cochrane,greengrocer,,,telefono,+56 957438082,,https://instagram.com/tierravivacochrane,https://facebook.com/TierraVivaCochrane,,,,,,-47.2523282,-72.5674398,no,https://www.openstreetmap.org/node/13365969074
Bossa açai,beverages,,,red social,,,https://instagram.com/bossa.chile,,,,Janequeo 391,,,-36.8238266,-73.0403649,no,https://www.openstreetmap.org/node/13368483901
Camping Sagrado,,,,telefono,+56 9 2996 3980,,https://instagram.com/sagrado_conguillio,https://facebook.com/sagrado.conguillio,,,,,,-38.5738144,-71.7829361,no,https://www.openstreetmap.org/node/13370706544
Camping Ruka Leufu,,,,telefono,+56 9 3504 4529,,https://instagram.com/campingyhostalrukaleufu,,,,,,,-38.534687,-71.8139343,no,https://www.openstreetmap.org/node/13370736989
Eco Camping Las Terrazas del Cautín,,,,telefono,+56 9 9309 9565,,https://instagram.com/ecocamping_terrazasdelcautin,,,,,,,-38.4658127,-71.9391861,no,https://www.openstreetmap.org/node/13373002696
Camping Vizcarraa,,,,telefono,+56 9 3408 1736,,https://instagram.com/cycvizcarra,https://www.facebook.com/Caba%C3%B1as-Vizcarra-100083772340335,,,,,,-38.4281883,-71.9290619,no,https://www.openstreetmap.org/node/13373018259
Manubaik,bicycle,,,telefono,+56 9 8563 3787,,https://instagram.com/manubaik.taller,,,,,,,-39.1843109,-72.1954346,no,https://www.openstreetmap.org/node/13378542962
Camping Agroturismo Tres Palmeras,,,,telefono,+56 9 9920 3196,,https://instagram.com/tres_palmerascamping,https://facebook.com/campingTresPalmeras,,,,,,-38.9673717,-72.1295261,no,https://www.openstreetmap.org/node/13379014292
Haru Sushi y Fusion,fast food,,,telefono,+56933159625,,https://instagram.com/haru_sushifusion,,,,Santo Tomás 1569,Chillán,,-36.5893053,-72.0691055,no,https://www.openstreetmap.org/node/13382230327
Kyra's Pet shop,pet,,,whatsapp,,,https://instagram.com/kyraschillan2,,,+56936327049,Camino Colonia Bernardo O'Higgins 1541,Chillán,,-36.5874468,-72.0763085,no,https://www.openstreetmap.org/node/13382230330
Bicy Cunco,bicycle,,,telefono,+56 9 9672 0993,,https://instagram.com/bicycunco,https://facebook.com/BicyCunco-100075958791560,,+56 9 9672 0993,,,,-38.9315109,-72.0301743,no,https://www.openstreetmap.org/node/13384205274
Volcano Bikes,bicycle,,,telefono,+56 9 6578 5639,,https://instagram.com/volcano.bikes,,,,,,,-39.2786865,-71.9594345,no,https://www.openstreetmap.org/node/13388625163
Libreria Salvaje,books,,,correo,,salvajelibreria@gmail.com,https://instagram.com/salvajelibreria,,,,Avenida Italia 1354,,,-33.4469264,-70.6247948,no,https://www.openstreetmap.org/node/13389478601
Camping Mawidache,,,,telefono,+56 9 5494 7106,,https://instagram.com/_camping_mawida_che_,https://facebook.com/Camping-Mawida-CHE-61555335819741,,,,,,-39.350795,-71.6140231,no,https://www.openstreetmap.org/node/13391519061
Ciao Pastas y Pizzas,restaurant,,,telefono,+56 954 229 180,,https://instagram.com/ciaopastasypizzas,,,,Víctor Lamas 745,Concepción,,-36.8315674,-73.0459038,no,https://www.openstreetmap.org/node/13391730631
Óptica Suiza,optician,,,red social,,,https://instagram.com/opticasuiza_ccp,,,,Barros Arana 790,,,-36.8260758,-73.048809,no,https://www.openstreetmap.org/node/13392054301
Ashley Hadassa,clothes,,,red social,,,https://instagram.com/ashley_hadassa.boutique,https://www.facebook.com/p/Distribuidora-AshleyHadassaMakeup-100084702250526,,,Tucapel 771,Concepción,,-36.8220168,-73.0480596,no,https://www.openstreetmap.org/node/13394144830
Mateo Market,convenience,,,red social,,,https://instagram.com/mateo.market,,,,Mariqueo 1113,,,-37.798152,-73.3941404,no,https://www.openstreetmap.org/node/13406972401
Bongo Sushi,fast food,,,telefono,56963504725,,https://instagram.com/bongosushi31,https://facebook.com/bongosushi31,,,,,,-33.0628182,-71.2205753,no,https://www.openstreetmap.org/node/13413129553
Supercongelados. Sta Isabel,supermarket,,,red social,,,https://instagram.com/supercongelados_chile,,,,Avenida Santa Isabel 99,,,-33.447548,-70.6331402,no,https://www.openstreetmap.org/node/13416458701
Supercongelados Chile,frozen food,,,red social,,,https://instagram.com/supercongelados_chile,,,,Mujica 250,,,-33.450107,-70.6267701,no,https://www.openstreetmap.org/node/13416477901
El Bunker,beverages,,,red social,,,https://instagram.com/botilleriaelbunker,,,,Avenida Presidente Frei 381,,,-37.7947202,-73.391358,no,https://www.openstreetmap.org/node/13416759401
Tribu Mascotas,veterinary pharmacy,,,telefono,+56 9 3028 6073,,https://www.instagram.com/tribu_mascotas_limache,,,,Andrés Bello 406,,,-33.0113667,-71.2586414,no,https://www.openstreetmap.org/node/13418318432
Papelería Con Amor,stationery,,,telefono,+56 9 5875 7983,,https://www.instagram.com/papeleriaconamor.cl,,,,Andrés Bello 406,,,-33.0114213,-71.2584795,no,https://www.openstreetmap.org/node/13418318433
Lofmarket,general,,,telefono,+56 9 4095 4152,,https://instagram.com/minimarket_lofmarket,,,,Pasaje del Petróleo 206,,,-33.0085658,-71.2596695,no,https://www.openstreetmap.org/node/13418318434
Farmacias Ahorro+,pharmacy,,,telefono,+56 958 473 890,ahorromasfarmacias@gmail.com,https://instagram.com/farmacia_ahorromas,https://facebook.com/61558160956255,,,Juan Antonio Ríos 43,,,-37.6287359,-73.4600286,no,https://www.openstreetmap.org/node/13423995501
Camping Costanera,,,,telefono,+56 9 9877 9679,,https://instagram.com/camping_costanera,https://facebook.com/campingCostaneraLagoRanco,,,,,,-40.3238144,-72.4939346,no,https://www.openstreetmap.org/node/13424354257
Camping La Tranca del Lago,,,,telefono,+56 9 9144 2558,,https://instagram.com/camping.latrancadellago,,,,,,,-41.0644379,-72.6543121,no,https://www.openstreetmap.org/node/13430142057
Camping Puerto Oscuro,,,,telefono,+56 9 8258 8463,,https://instagram.com/camping.puertooscuro.ensenada,,,,,,,-41.194561,-72.5406876,no,https://www.openstreetmap.org/node/13431270530
Camping Refugio Ensenada,,,,telefono,+56 9 7328 1518,,https://instagram.com/refugioensenada,,,,,,,-41.2189369,-72.5526886,no,https://www.openstreetmap.org/node/13431290496
Camping Entre Ríos y Arrayanes,,,,telefono,056 9 6488 8049,,https://instagram.com/camping.entrerios,,,,,,,-41.7648125,-72.6760635,no,https://www.openstreetmap.org/node/13439659222
Camping Los Arrayanes,,,,telefono,+56 9 3010 9787,,https://instagram.com/losarrayaneschaiten,,,,,,,-42.885263,-72.7506324,no,https://www.openstreetmap.org/node/13440227201
Camping Patagonia El Cobre,,,,telefono,+56 9 8227 5152,patagoniaelcobre@gmail.com,https://instagram.com/patagoniaelcobre,https://facebook.com/100063656016537,,,,,,-41.9689066,-72.4937849,no,https://www.openstreetmap.org/node/13443070218
Camping 9 Pumas,,,,telefono,+56 9 8382 2976,,https://instagram.com/tinajas9pumas_camping_campers,,,,,,,-43.9348417,-72.3796362,no,https://www.openstreetmap.org/node/13453384503
Camping El Rincón Del Asador,,,,telefono,+56 9 4113 7811,,https://instagram.com/elrincon_delasador.lajunta,,,,,,,-43.8275722,-72.3532118,no,https://www.openstreetmap.org/node/13453393133
Margoni Bikes & Sports Natales,bicycle,,,telefono,+56957596779,,https://instagram.com/margoni.bikessport.natales,,,,Bernardo Phillipi 427,,,-51.7247801,-72.507032,no,https://www.openstreetmap.org/node/13458085401
La olita,fast food,,,red social,,,https://instagram.com/laOlitaCafeteria,,,,,,,-47.0140722,-72.8276706,no,https://www.openstreetmap.org/node/13463779757
Matiz,clothes,,,red social,,,https://instagram.com/matiz.textil,,,,Tegualda 1517,,,-33.4484202,-70.6233203,no,https://www.openstreetmap.org/node/13472313401
La Parrilla de Don Humberto,restaurant,,,telefono,+56 51 224 8267,donhumbertoplaya@gmail.com,https://instagram.com/laparrilladedonhumberto,https://www.facebook.com/laparrilladedonhumberto,,,Avenida del Mar 4402,La Serena,,-29.9321289,-71.2809311,no,https://www.openstreetmap.org/node/13477445643
Barbería Claudio,hairdresser,,,telefono,+56 990 909 554,,https://instagram.com/barberiaclaudioo,,,,El Roble 2365,,,-36.8080387,-73.0655741,no,https://www.openstreetmap.org/node/13479510701
Automecánica Correa,car repair,,,telefono,+56 412 472 497,correa.secretaria@gmail.com,https://instagram.com/automecanica.correa,,,,Rengo 1676,,,-36.8153934,-73.0597277,no,https://www.openstreetmap.org/node/13479522801
Intermedica,medical supply,,,red social,,,https://instagram.com/intermedica_limitada,,,,Rengo 1199,,,-36.8203801,-73.0569702,no,https://www.openstreetmap.org/node/13479524801
Centro Odontológico Dr. Mathijsen,dentist,,,red social,,,https://instagram.com/clinicacdm.cl,,,,O'Higgins 1144,,,-36.8251283,-73.0436358,no,https://www.openstreetmap.org/node/13479728302
Clínica Dental Befordent,dentist,,,telefono,+56 945 460 456,,https://instagram.com/befordent_clinica,,,,Ejército 675,,,-36.8132962,-73.0587383,no,https://www.openstreetmap.org/node/13482795002
Mini Wok Restaurant,restaurant,,,red social,,,https://instagram.com/mini_wok_restaurant,,,,Las Heras 495,,,-36.8232606,-73.0552072,no,https://www.openstreetmap.org/node/13482798702
Ópticas Linco,optician,,,red social,,,https://instagram.com/opticas.linco,,,,Rengo 478,,,-36.8275869,-73.0521473,no,https://www.openstreetmap.org/node/13482802201
Ragni Climbing,,,,red social,,,https://instagram.com/ragniclimb,,,,Avenida Alonso de Córdova 5870,,,-33.4072004,-70.5702501,no,https://www.openstreetmap.org/node/13484790401
Funeraria Miguel Sanhueza,funeral directors,77.352.855-1,probable (nombre+comuna contra Registro de Empresas y Sociedades),telefono,+56 967 356 496,,https://instagram.com/funerariamiguelsanhueza,https://facebook.com/FunerariaMiguelSanhueza,,,O'Higgins 1475,Concepción,,-36.8230933,-73.0394949,no,https://www.openstreetmap.org/node/13485007936
Camping Lerun,,,,telefono,+56 9 6797 4430,,https://instagram.com/lerun_tierra,,,,,,,-46.6273117,-72.67556,no,https://www.openstreetmap.org/node/13502313220
Gravity Boulder,,,,red social,,,https://instagram.com/gravitymallsport,,,,Avenida Las Condes 13,,,-33.3711428,-70.5066613,no,https://www.openstreetmap.org/node/13502823201
Residencial Patagonia,,,,telefono,+56 9 5637 6099,,https://instagram.com/residencial.patagonia,,,,,,,-46.4407971,-72.7119603,no,https://www.openstreetmap.org/node/13504656249
Centro de Educación de Adultos Newentun,school,,,telefono,+56 41 246 7281,secretaria.newentun@gmail.com,https://instagram.com/newentun.educacion,https://facebook.com/ceianewentun,,,Freire 485,Concepción,,-36.8263562,-73.0533743,no,https://www.openstreetmap.org/node/13505633113
Camping Patagonia Dome Home,,,,telefono,+56994434435,,https://instagram.com/patagoniadomehome,,,,,,,-45.5871586,-72.0801497,no,https://www.openstreetmap.org/node/13507001301
La Barra Market,convenience,,,red social,,,https://instagram.com/labarra.market,,,,Tucapel 721,Concepción,,-36.8225668,-73.0477238,no,https://www.openstreetmap.org/node/13507749101
Donuts Ice Cream & Coffee,ice cream,,,red social,,,https://instagram.com/bubblesanddonuts,,,,Circunvalación Monjitas Oriente 2706,La Serena,,-29.8728532,-71.2312695,no,https://www.openstreetmap.org/node/13507889821
Clínica Somi,clinic,,,telefono,+56 9 7123 9542,,https://instagram.com/clinicasomi.cia,https://www.facebook.com/clinicasomi.cia,,,Circunvalación Monjitas Oriente 2706,La Serena,,-29.8729984,-71.2312108,no,https://www.openstreetmap.org/node/13507889822
Escuela Luis Cousiño Squella,school,,,telefono,+56 41 234 7503;+56 41 234 7576;+56 9 9249 4242,lcousque@gmail.com,https://instagram.com/lcousque,,,,Los Tilos,Lota,,-37.0895059,-73.1590171,no,https://www.openstreetmap.org/node/13508069478
Benz Haus,pastry,78.379.962-6,probable (nombre+comuna contra Registro de Empresas y Sociedades),red social,,,https://instagram.com/benz.haus,,,,Pedro de Valdivia 249,Los Álamos,,-37.6274091,-73.4579941,no,https://www.openstreetmap.org/node/13510908801
Market Darling,convenience,,,red social,,,https://instagram.com/market_darling,,,,,,,-37.6748375,-73.3872676,no,https://www.openstreetmap.org/node/13510917902
Nomade Bikers,bicycle,,,telefono,+56 9 2643 9057,,https://instagram.com/nomade_bikers?igsh=MWxwa2ZpaHRzdGc2cQ%3D%3D,,,,Doctor Steffens 170,,,-47.2546974,-72.5705137,no,https://www.openstreetmap.org/node/13513278990
Oficina de Gestión Territorial,government,,,red social,,,https://instagram.com/ofmunicipalcaren,https://www.facebook.com/territorial.caren,,,Enrique Mac Iver,Carén,,-30.851242,-70.7701726,no,https://www.openstreetmap.org/node/13514601736
D’Lastra,beverages,,,telefono,+56 979 511 569,,https://instagram.com/botilleriadlastra,,,,Avenida Presidente Frei 1650,,,-37.7948658,-73.3909168,no,https://www.openstreetmap.org/node/13515617302
Dragón Chino,restaurant,,,telefono,+56 928 288 888,,https://instagram.com/dragonchino__,,,,San Martín 848,,,-36.8276742,-73.0467537,no,https://www.openstreetmap.org/node/13517135301
Ecomuebles Rodríguez,furniture,,,telefono,+56 940 595 148,,https://instagram.com/ecomueblesrodriguezspa,,,,Maipú 850,Concepción,,-36.8235549,-73.0492128,no,https://www.openstreetmap.org/node/13517190601
Muebles Centro Hogar,furniture,,,telefono,+56 412 226 010,mueblescentrohogarltda@gmail.com,https://instagram.com/ventas_mueblescentrohogar,https://facebook.com/centrohogarltda,,,Maipú 855,,,-36.8233788,-73.0492834,no,https://www.openstreetmap.org/node/13517193401
Pinamarket,convenience,,,red social,,,https://instagram.com/botilleriapinamarket,,,,Pedro de Valdivia 296,La Serena,,-29.8772111,-71.2509547,no,https://www.openstreetmap.org/node/13518425137
Falcon - Peluquería - Barbería,hairdresser,,,telefono,+56 9 3224 5236,,https://instagram.com/falconpeluqueria,,,,Sargento Aldea 935,,,-45.4042862,-72.6947653,no,https://www.openstreetmap.org/node/13519909001
Panadería Méliès,pastry,,,red social,,,https://www.instagram.com/panaderia.melies,,,,Avenida Peñablanca 120,Algarrobo,,-33.3657964,-71.6735081,no,https://www.openstreetmap.org/node/13522916584
Farmacias Farmavital,pharmacy,,,telefono,+56 9 4415 7176,farmacia.farmavital2@gmail.com,https://www.instagram.com/farmavital.cl?utm_source=ig_web_button_share_sheet&igsh=ZDNlZDc0MzIxNw==,https://www.facebook.com/p/Farmavital-61584617759134,,,Gregorio Cordovez 672,,,-29.9026442,-71.2472699,no,https://www.openstreetmap.org/node/13527511396
Óptica Cienfuegos,optician,,,telefono,+56 9 6843 7777,,https://instagram.com/opticascienfuegos,https://www.facebook.com/profile.php?id=100063679563291,,,Gregorio Cordovez 672,,,-29.9026921,-71.2472763,no,https://www.openstreetmap.org/node/13527511397
Zona Smart,mobile phone accessories,,,red social,,,https://www.instagram.com/zona.smart.161,,,,Gregorio Cordovez 672,,,-29.9027416,-71.247283,no,https://www.openstreetmap.org/node/13527511398
Bosque Mágico Hostel,,,,telefono,+56 991521166,,https://instagram.com/bosquemagicohostel,,,,Esmeralda 474,,,-43.9756458,-72.4082306,no,https://www.openstreetmap.org/node/13531601343
Revivestyle Coyhaique,clothes,,,telefono,+56 961563487;+56 993412045,,https://instagram.com/coyhaiquerevivestyle,https://facebook.com/profile.php?id=100004648455791&ref=NONE_ig_profile_ac,,,12 de Octubre 268,,,-45.5715696,-72.0721652,no,https://www.openstreetmap.org/node/13543054721
Naturalia,cafe,,,telefono,+56 979679529,cafeteria.teteria.naturalia@gmail.com,https://instagram.com/naturalia.cafeteria,https://facebook.com/Naturalia.teteria.heladeria,,,,,,-46.8449938,-72.7065378,no,https://www.openstreetmap.org/node/13544354440
Bazar Tomasito,convenience,,,red social,,,https://instagram.com/bazar_tomasito,,,,Los Pomelos 751,,,-34.3945888,-71.1641117,no,https://www.openstreetmap.org/node/13551202101
A la Hullincana,cafe,,,red social,,,https://instagram.com/ALaHullincana,https://facebook.com/ALaHullincana,,,Centenario 156,,,-42.6224837,-73.7722141,no,https://www.openstreetmap.org/node/13565520501
Solvet,veterinary,,,telefono,+56 412 121 326,,https://instagram.com/solvetveterinaria,,,,Orompello 480,,,-36.824365,-73.0445189,no,https://www.openstreetmap.org/node/13578128801
Lou,cafe,,,red social,,,https://instagram.com/loucafe___,,,,Orompello 470,,,-36.8245031,-73.0444231,no,https://www.openstreetmap.org/node/13578129001
Elemental,cafe,,,red social,,,https://instagram.com/Cafe_elemental,,,,Pedro Aguirre Cerda 367 E,,,-38.8532844,-71.6932852,no,https://www.openstreetmap.org/node/13580761101
Monasterio CocinaBar,restaurant,,,red social,,,https://instagram.com/monasteriococinabar,,,,Cochrane 1384,,,-36.8259818,-73.0394484,no,https://www.openstreetmap.org/node/13583567902
Vía Salud,pharmacy,,,red social,,,https://instagram.com/farmaciaviasalud,,,,Freire 1146,,,-36.8231182,-73.0449338,no,https://www.openstreetmap.org/node/13585290501
La Botica Penquista,pharmacy,,,telefono,+56 974 727 153,,https://instagram.com/laboticapenquista,,,,Maipú 583,Concepción,,-36.8248686,-73.052864,no,https://www.openstreetmap.org/node/13585747701
A&C TattooStudio,tattoo,,,red social,,,https://instagram.com/ac.tatoostudio,,,,Pedro Montt 160,,,-41.4717058,-72.9423448,no,https://www.openstreetmap.org/node/13596306001
Farmacia InnovaFarma,pharmacy,,,red social,,,https://www.instagram.com/innovafarmarecetariomagistral,,,,San Martín 815,Concepción,,-36.8275317,-73.0469813,no,https://www.openstreetmap.org/node/13596653016
Farmacia Lincoyán,pharmacy,,,red social,,,https://www.instagram.com/farmacialincoyan,,,,Lincoyán 530,Concepción,,-36.8275686,-73.0537371,no,https://www.openstreetmap.org/node/13596698995
Bandera 1001,arts centre,,,correo,,contacto@bandera1001.cl,https://instagram.com/bandera1001.cl,,,,Bandera 1001,,,-36.8142321,-73.0526263,no,https://www.openstreetmap.org/node/13597017101
Mundo Digital Platinum,mobile phone accessories,,,red social,,,https://instagram.com/mundodigitalplatinumspa,,,,Avenida Viña del Mar 2960,La Serena,,-29.8720261,-71.2374277,no,https://www.openstreetmap.org/node/13608616100
Regala Belleza Natural,garden centre,,,red social,,,https://www.instagram.com/regala_belleza_natural,,,,,,,-29.9019253,-71.2497072,no,https://www.openstreetmap.org/node/13610530006
La Negra y Cacao,cafe,,,red social,,,https://instagram.com/cafeteria_la_negra_y_cacao,,,,,,,-41.1380319,-72.4018411,no,https://www.openstreetmap.org/node/13610753142
Melipulli,cafe,,,red social,,,https://instagram.com/cafemelipulli40,,,,,,,-41.4778984,-72.951712,no,https://www.openstreetmap.org/node/13610777247
Garage 12,car repair,,,telefono,2 2996 7157,,https://instagram.com/garage12.limache,,,,12 de Febrero 118,Limache,,-33.0065761,-71.262694,no,https://www.openstreetmap.org/node/13626796744
Carnicería El Ñoño,butcher,,,telefono,332513483,,https://instagram.com/carnicerialimache,https://facebook.com/Carniceria,,+56 968081267,12 de Febrero 237,Limache,,-33.0088128,-71.2634082,no,https://www.openstreetmap.org/node/13626796764
Camping La Izuelina,,,,telefono,+56971401731,laizuelina@gmail.com,https://instagram.com/cámping,,,,El Trébol 9,,,-33.573542,-70.7795032,no,https://www.openstreetmap.org/node/13635203101
Cerrafer,key cutter,,,telefono,+56 995 768 457,,https://instagram.com/cerraferconcepcion,,,,Colo Colo 748,Concepción,,-36.8233092,-73.050128,no,https://www.openstreetmap.org/node/13639760903
Oceano surf&cafe,fast food,,,telefono,+56 9 8639 2033,,https://www.instagram.com/oceano_surfcafe,,,,Avenida Ingeniero Raúl Pey Casado,Arica,,-18.4512053,-70.3021958,no,https://www.openstreetmap.org/node/13641016118
Cris&Becker,veterinary,,,telefono,+56 413 834 444,,https://instagram.com/crisybecker,,,,Freire 1064,,,-36.8234854,-73.0457655,no,https://www.openstreetmap.org/node/13641650901
Farmacia Freire,pharmacy,,,red social,,,https://www.instagram.com/farmacia_freireccp,,,,Freire 1032,Concepción,,-36.8236529,-73.0463385,no,https://www.openstreetmap.org/node/13641651001
Cromolux Muebles,furniture,,,red social,,,https://instagram.com/cromolux_muebles,,,,Maipú 799,Concepción,,-36.8237101,-73.0501467,no,https://www.openstreetmap.org/node/13643659601
Distribuidora Veloso,houseware,,,telefono,+56 944 144 630,,https://instagram.com/importadora_veloso,,,,Maipú 785,Concepción,,-36.8237505,-73.0501761,no,https://www.openstreetmap.org/node/13643659603
Travesuras,pet,,,telefono,+56 973 437 581,,https://instagram.com/travesuraspetsshop,,,,Colo Colo 729,Concepción,,-36.8235225,-73.0502197,no,https://www.openstreetmap.org/node/13643659606
Vive Vinilo,music,,,red social,,,https://instagram.com/the_groove_vinilos,,,,,,,-39.2826844,-72.2258005,no,https://www.openstreetmap.org/node/13665690152
Distrito 24,clothes,,,red social,,,https://instagram.com/distrito24.cl,,,,O'Higgins 1154,,,-36.8251071,-73.0435882,no,https://www.openstreetmap.org/node/13669656101
Galería Alternativa Plan B,arts centre,,,red social,,,https://instagram.com/galternativaplanb,,,,Orompello 658,Concepción,,-36.8226042,-73.0457123,no,https://www.openstreetmap.org/node/13704750331
El Kincho de Adry,fast food,,,red social,,,https://www.instagram.com/el_kincho_deadry,,,,Juan José Latorre 460,La Serena,,-29.8807292,-71.2527132,no,https://www.openstreetmap.org/node/13717597066
Sushinito,restaurant,,,telefono,+56959905671,,https://www.instagram.com/sushinito_delivery,,,,Avenida Los Libertadores 1476,La Serena,,-29.8881991,-71.2419335,no,https://www.openstreetmap.org/node/13738878177
Supermercado Las Cariñosas I,convenience,,,red social,,,https://instagram.com/supermercadolascarinosas,,,,Avenida Las Golondrinas 720,,,-36.7805464,-73.0948191,no,https://www.openstreetmap.org/node/13747292301
Patagonia Black Lamb,bakery,,,red social,,,https://instagram.com/BLACKLAMB_PATAGONIA,,,,Magallanes 570,,,-51.7309899,-72.5075987,no,https://www.openstreetmap.org/node/13751185001
Pollos.com,fast food,,,telefono,+56 982 951 529,,https://instagram.com/pollos.com_ccp,,,,Rengo 1412,,,-36.8177562,-73.0583557,no,https://www.openstreetmap.org/node/13755709401
"La Marca - Cabalgatas, Horseback Riding",travel agency,,,telefono,+56 9 9871 2326,,https://instagram.com/cabalgatas_la_marca,,,,Domingo Atienza 560,,,-22.9146993,-68.203744,no,https://www.openstreetmap.org/node/13755709402
La Rústica Pizzería Artesanal,restaurant,,,telefono,+56999455216,,https://instagram.com/larustica.pizzaypastas,,,,Avenida Irarrázaval 3661,,,-33.4554046,-70.5925921,no,https://www.openstreetmap.org/node/13759798601
Almuerzos Génova,restaurant,,,red social,,,https://instagram.com/almuerzosgenova.ccp,,,,Maipú 867,Concepción,,-36.8233076,-73.0490911,no,https://www.openstreetmap.org/node/13784016306
Happy Days Waffles,cafe,,,red social,,,https://instagram.com/happydays_waffles,,,,O'Higgins 1102,,,-36.8253086,-73.0440603,no,https://www.openstreetmap.org/node/13788500101
La Cueva de Tango,party,,,telefono,+56 413 337 926,consultaslacuevadetango@hotmail.com,https://instagram.com/lacuevadetango_oficial,https://facebook.com/LaCuevaDeTangoOficial,,,Maipú 530,Concepción,,-36.8252628,-73.0531988,no,https://www.openstreetmap.org/node/13792598490
Clínica Tu Salud,clinic,,,telefono,+56 931 090 520;+56 989 153 806,,https://instagram.com/clinicatusalud_canete,,,,Segundo de Línea 820,,,-37.8000306,-73.3970801,no,https://www.openstreetmap.org/node/13831015901
Vdb Café,cafe,,,red social,,,https://instagram.com/vdbgocoffee,,,,Barros Arana 1098,,,-36.8244391,-73.0450204,no,https://www.openstreetmap.org/node/13832499002
Qué Chimba,nightclub,,,telefono,+56 956 810 985,,https://instagram.com/quechimba_ccp,,,,Aníbal Pinto 1570,,,-36.815171,-73.0567909,no,https://www.openstreetmap.org/node/13840772901
Foret,nightclub,,,red social,,,https://instagram.com/foretclub,,,,Brasil 847,,,-36.8129793,-73.0559223,no,https://www.openstreetmap.org/node/13840990301
Bajo Cero,beverages,,,red social,,,https://instagram.com/bajo.cerobotilleriacanete,,,,Avenida Presidente Frei 59,,,-37.7967496,-73.3933918,no,https://www.openstreetmap.org/node/13854262301
Botillería Al Paso,beverages,,,red social,,,https://instagram.com/boti_alpaso2.5,,,,Alonso de Ercilla 736,,,-37.7950507,-73.3904242,no,https://www.openstreetmap.org/node/13854269201
Hinomoto,motorcycle,,,red social,,,https://instagram.com/hinomoto.ccp,,,,Maipú 969,Concepción,,-36.8227901,-73.0479044,no,https://www.openstreetmap.org/node/13854518715
Total Store,doityourself,,,red social,,,https://instagram.com/totalstoreconcepcion,,,,Avenida Manuel Rodríguez 663,,,-36.8170408,-73.0564371,no,https://www.openstreetmap.org/node/13854743601
FastColor,car repair,,,telefono,+56 957 472 833,,https://instagram.com/fast_color_,,,,Avenida Vicuña Mackenna 983,,,-36.8138081,-73.0534939,no,https://www.openstreetmap.org/node/13891984001
Farmacia Ema,pharmacy,,,red social,,,https://instagram.com/farmaciaema,,,,Rengo 1014,,,-36.8219808,-73.0556601,no,https://www.openstreetmap.org/node/13894947302
Boulder Factory,,,,telefono,+56 9 8137 0544,,https://instagram.com/boulder.factory,,,,Los Herreros 8535,,,-33.4570911,-70.5443914,no,https://www.openstreetmap.org/node/13895455801
Donde la Tina,fast food,,,telefono,+56989470238,,https://instagram.com/dondelatina_,,,,Avenida Michaihue 850,,,-36.844362,-73.1414693,no,https://www.openstreetmap.org/node/13910998202
Booba Barber,hairdresser,,,red social,,,https://instagram.com/booba_barber,,,,Alberto Solari Magnasco 1400,La Serena,,-29.9121001,-71.2568672,no,https://www.openstreetmap.org/node/13913210229
Gla,clothes,,,correo,,contacto@distritoglaoficial.cl,https://instagram.com/distritogla_laserena,https://www.facebook.com/profile.php?id=100063616506432,,,Alberto Solari Magnasco 1400,La Serena,,-29.9120872,-71.2569725,no,https://www.openstreetmap.org/node/13913210230
Congelados Kamissy,frozen food,,,telefono,+56 968 719 761,claurossm@hotmail.com,https://instagram.com/congelados_kamissy,https://www.facebook.com/profile.php?id=100063709465683,,,Lincoyán 540,Concepción,,-36.8274748,-73.0537976,no,https://www.openstreetmap.org/node/13915570908
Nails Chic,beauty,,,red social,,,https://instagram.com/nailschic_spa,,,,Alberto Solari Magnasco 1400,La Serena,,-29.9120767,-71.2570375,no,https://www.openstreetmap.org/node/13923189341
Smart Zen,mobile phone accessories,,,red social,,,https://instagram.com/smartzen.laserena,https://www.facebook.com/profile.php?id=61573385693226,,,Alberto Solari Magnasco 1400,La Serena,,-29.912064,-71.2571531,no,https://www.openstreetmap.org/node/13923189342
Sabores del Sur,restaurant,,,red social,,,https://instagram.com/sabores_del_sur_canete,,,,Saavedra 632,,,-37.8011282,-73.3998115,no,https://www.openstreetmap.org/node/13966292501
Armería Panto,outdoor,,,telefono,+56 957 357 065,armeriapantocanete@icloud.com,https://instagram.com/armeriapanto,,,,Covadonga 290,,,-37.8016103,-73.3990789,no,https://www.openstreetmap.org/node/13966429501
La Barra de La Serena,restaurant,,,red social,,,https://www.instagram.com/labarra_ls,,,,Benavente 666,La Serena,,-29.9049186,-71.2459423,no,https://www.openstreetmap.org/node/14023050852
Dulce Bosque,cafe,,,telefono,+56984386313,,https://instagram.com/dulcebosquetemuco,,,,Porvenir 790,Temuco,,-38.7352756,-72.6195085,no,https://www.openstreetmap.org/node/14023179357
Iglesia Bautista Coronel,place of worship,,,telefono,+56 9 5354 9858,,https://www.instagram.com/iglesiabautistacoronel,https://www.facebook.com/p/Iglesia-Bautista-Coronel-100068536925259,,,Los Molineros 550,Coronel,,-36.9921368,-73.1642481,no,https://www.openstreetmap.org/node/14047754504
Escuela Víctor Domingo Silva,school,,,telefono,+56 41 271 1777,esc.victordgosilva@demcoronel.cl,https://instagram.com/escuela_vds,https://facebook.com/escuelavictordomingosilva,,,Buen Retiro 820,Coronel,,-37.0110759,-73.1532953,no,https://www.openstreetmap.org/way/101763600
Casa del Arte José Clemente Orozco,,,,correo,,pinacoteca@udec.cl,https://instagram.com/pinacoteca_udec,https://facebook.com/PinacotecaUdeC1,,,Avenida Chacabuco S/N,Concepción,,-36.8274713,-73.0392983,no,https://www.openstreetmap.org/way/105821369
Escuela Javiera Carrera,school,,,telefono,+56 44 368 9690,,https://instagram.com/escjavieracarrera,https://facebook.com/javiera.carrera.906,,,3 Oriente 696,Coronel,,-37.0153013,-73.1533094,no,https://www.openstreetmap.org/way/108643720
Escuela Básica Las Higueras,school,,,correo,,las.higueras@daemtalcahuano.cl,https://instagram.com/escuelalashigueras,,,,Héctor Brañas 505,Talcahuano,,-36.7423282,-73.1029253,no,https://www.openstreetmap.org/way/113509769
Centro Educacional Evangélico,school,,,telefono,+56412410350,,https://instagram.com/cedehp.oficial,https://facebook.com/cedehp,,,Avenida Las Golondrinas 1109,Hualpén,,-36.7800655,-73.0999867,no,https://www.openstreetmap.org/way/113727703
Estadio Municipal Alcaldesa Ester Roa Rebolledo,,,,red social,,,https://instagram.com/estadioesterroa_y_recintos,,,,Avenida Ignacio Collao 481,Concepción,,-36.8149436,-73.0237681,no,https://www.openstreetmap.org/way/114470338
Escuela Darío Salas,school,,,telefono,+56 41 339 5741;+56 41 339 5844,ravendano@daemspp.cl,https://instagram.com/escueladariosalas,,,,Los Acacios 39,San Pedro de la Paz,,-36.8408564,-73.1032367,no,https://www.openstreetmap.org/way/115326880
Biblioteca y Pinacoteca Municipal de Osorno,library,,,red social,,,https://instagram.com/pinacotecaosorno,,,,Avenida Portales 901,Osorno,Región de Los Lagos,-40.5771542,-73.1391786,no,https://www.openstreetmap.org/way/117752081
Escuela Pablo Neruda,school,,,telefono,+56 41 269 2273,contacto@escuelapabloneruda.cl,https://instagram.com/esc.pabloneruda776_oficial,,,,Pasaje 4 100,Curanilahue,,-37.4798682,-73.3351336,no,https://www.openstreetmap.org/way/121140609
Escuela Gabriela Mistral,school,,,telefono,+56 41 269 0368,escuelagamistral@gmail.com,https://instagram.com/gabmistral769,https://facebook.com/Escuela-Gabriela-Mistral-100068841399590,,,Ignacio Serrano 209,Curanilahue,,-37.4861487,-73.3453964,no,https://www.openstreetmap.org/way/121142148
Mia Café,cafe,,,red social,,,https://instagram.com/miacafe.ccp,,,,Cochrane 1133,Concepción,,-36.8269676,-73.0426365,no,https://www.openstreetmap.org/way/126706980
Congelados La Raíz,frozen food,,,red social,,,https://www.instagram.com/congelados_la_raiz,,,,Aníbal Pinto 785,Concepción,,-36.823514,-73.0518757,no,https://www.openstreetmap.org/way/127188216
Colegio A-Lafken,school,,,telefono,+56 41 313 2845;+56 9 9826 3351,direccion@alafken.cl;colegio.alafken@gmail.com,https://instagram.com/colegio_a_lafken,https://facebook.com/ColegioAlafken,,,Cruz 10,Penco,,-36.7431196,-72.9964576,no,https://www.openstreetmap.org/way/130000635
Escuela José Hipólito Salas y Toro,school,,,telefono,+56 44 304 9322,l.salasytoro@educacionpublica.cl,https://instagram.com/colegiojosehipolitosalas,https://facebook.com/ColegioJHSyT,,,Manuel Rodríguez 226,Chiguayante,,-36.9207687,-73.0279857,no,https://www.openstreetmap.org/way/135159507
Escuela Balmaceda Saavedra Laulhere,school,,,red social,,,https://instagram.com/balmaceda_saavedra,,,,Los Andes 377,Chiguayante,,-36.9559127,-73.017952,no,https://www.openstreetmap.org/way/135163344
Restaurant El Puerto,restaurant,,,telefono,+56 42 197 1816,,https://instagram.com/elpuerto_buchupureo,https://facebook.com/elpuertobuchupureo,,,,,,-36.0789393,-72.7937065,no,https://www.openstreetmap.org/way/137050156
Escuela Rubi Nelson Silva Salas,school,,,telefono,+56 41 261 1000,,https://instagram.com/rubinelsonsilvasalas,https://facebook.com/escuela.rubinelsonsilvasalascanete,,,Manuel Rodríguez 150,Cañete,,-37.8038243,-73.4078848,no,https://www.openstreetmap.org/way/161761808
Liceo Enrique Molina Garmendia,school,,,telefono,+56 44 304 9183,l.enriquemolina@educacionpublica.cl,https://instagram.com/liceoemgoficial,,,,Aníbal Pinto 31,Concepción,,-36.8312327,-73.0473533,no,https://www.openstreetmap.org/way/175009414
Boulevard Gascón,mall,,,red social,,,https://instagram.com/boulevardgascon,,,,Barros Arana 815,,,-36.8253803,-73.048631,no,https://www.openstreetmap.org/way/188990394
Escuela Aonikenk,school,,,telefono,+56 67 242 3214,aonikenk@edurioibanez.cl,https://instagram.com/escuelaaonikenk,https://facebook.com/Escuela-Aonikenk-Puerto-Iba%C3%B1ez-100006318913806,,,Luis Risopatrón 181,Río Ibáñez,,-46.2948525,-71.9383472,no,https://www.openstreetmap.org/way/221250568
Parque Carén - Universidad de Chile,,,,red social,,,https://instagram.com/www.instagram.com/parquecaren,,,,,Pudahuel,,-33.4289678,-70.8574683,no,https://www.openstreetmap.org/way/266742014
Centro Comercial Veintiuno de Mayo,mall,,,red social,,,https://instagram.com/centrocomercial21demayo,https://facebook.com/centrocomercial21demayo,,,Avenida 21 de Mayo 3225,Concepción,,-36.8090679,-73.0791421,no,https://www.openstreetmap.org/way/267486746
Edvic,convenience,,,red social,,,https://instagram.com/minimercado_edvic,https://facebook.com/edvic.minimercado.botilleria,,,Avenida Presidente Frei 557,,,-37.7932021,-73.3903465,no,https://www.openstreetmap.org/way/281211472
Farmacia Véjar,pharmacy,,,red social,,,https://instagram.com/farmaciavejar,,,,Avenida Presidente Frei 625,Cañete,,-37.7930358,-73.3902274,no,https://www.openstreetmap.org/way/281211476
Padre Adán,restaurant,,,telefono,+56 971 354 232,,https://instagram.com/padre.adan,,,,Rosas 157,,,-35.3356376,-72.4048901,no,https://www.openstreetmap.org/way/293480825
La Despensa,supermarket,,,red social,,,https://instagram.com/supermercadoladespensa.cl,,,,Bulnes 1099,,,-35.3359643,-72.4056249,no,https://www.openstreetmap.org/way/311279906
Escuela Básica Bélgica,school,,,telefono,+56 44 304 9313;+56 41 236 2248,institucional.escuela@gmail.com,https://instagram.com/escuela_belgica_chiguayante,https://facebook.com/colegiobelgica1945,,,Avenida Los Héroes 360,Chiguayante,,-36.9301422,-73.0282581,no,https://www.openstreetmap.org/way/313834830
Camping Las Cascadas,,,,telefono,+56 9 9619 3184;+56 9 9619 3184,,https://instagram.com/camping.lascascadas,,,,,,,-41.0834511,-72.6362607,no,https://www.openstreetmap.org/way/314804084
Hijos de Pioneros,restaurant,,,red social,,,https://instagram.com/restaurantehijosdepioneros,,,,Teniente Merino 250,,,-47.2527694,-72.5777578,no,https://www.openstreetmap.org/way/318931707
Mate Sur Cochrane,,,,telefono,+56995083500,refugiomatesur@gmail.com,https://instagram.com/matesurcochrane,,,,Río Colonia 400,Cochrane,,-47.254615,-72.5706938,no,https://www.openstreetmap.org/way/318932184
La Italiana,hardware,,,red social,,,https://instagram.com/laitaliana_canete,,,,Villagrán 1080,,,-37.7977704,-73.3973371,no,https://www.openstreetmap.org/way/331305219
Liceo Comercial Presidente Frei Montalva,school,,,telefono,+56 44 367 6836,,https://instagram.com/liceocomercialdelotac47,https://facebook.com/liceocomercial.freimontalva,,,Avenida Playa Blanca 348,Lota,,-37.0730288,-73.1487047,no,https://www.openstreetmap.org/way/331309007
Escuela Buena Esperanza,school,,,telefono,+56 41 269 0011,dalilasalinas@gmail.com,https://instagram.com/escuela.buenaesperanza,https://facebook.com/escuela.buenaesperanza,,,Los Aromos 226,Curanilahue,,-37.4686619,-73.3631198,no,https://www.openstreetmap.org/way/357289931
Rocinante Cleta,bicycle,,,telefono,+56 920 482 752,,https://instagram.com/rocinantecleta,,,,Janequeo 333,Concepcion,,-36.8242731,-73.0402562,no,https://www.openstreetmap.org/way/372503123
Jardín Infantil y Sala Cuna El Arrayán,kindergarten,,,red social,,,https://instagram.com/jardininfantilelarrayan,,,,Circunvalación Monjitas Oriente 3047,La Serena,,-29.8709952,-71.2324397,no,https://www.openstreetmap.org/way/401433193
Escuela Especial de Lenguaje Aliwen,school,,,telefono,+56 51 228 0365,contacto@escuelaaliwen.cl,https://www.instagram.com/escuela_aliwen_ls,https://www.facebook.com/escueladelenguaje.aliwen.laserena,,,Aurora 3091,La Serena,,-29.8687411,-71.2405739,no,https://www.openstreetmap.org/way/401434013
Escuela Rural con Internado Río Blanco,school,,,red social,,,https://instagram.com/escuelaruralrioblanco,https://www.facebook.com/p/Escuela-Municipal-Rural-R%C3%ADo-Blanco-100057169341270,,,Camino Valle Simpson - El Blanco,Coyhaique,,-45.8072353,-71.9221701,no,https://www.openstreetmap.org/way/443463000
Colegio Dagoberto Godoy,school,,,correo,,cbarriganova40@hotmail.com,https://instagram.com/dagobertolagranja,,,,Sargento Aldea 093,La Granja,,-33.5409934,-70.6328678,no,https://www.openstreetmap.org/way/449458573
Escuela Pierre Mendes France,school,,,telefono,+56 41 339 5744,pierremendes@gmail.com,https://instagram.com/escuelapierremendes,,,,Los Escolapios 1751,San Pedro de la Paz,,-36.8411665,-73.1105783,no,https://www.openstreetmap.org/way/469269929
Escuela Adelaida Miguieles Soto,school,,,red social,,,https://instagram.com/esc.adelaida,,,,Balmaceda 180,Coronel,,-37.0302075,-73.1448682,no,https://www.openstreetmap.org/way/469790809
Biblioteca Pública Eduardo de Geyter,library,,,telefono,56 9 8601 2063,,https://instagram.com/bibliomuni34,,,,Avenida Cachapoal 90,,,-34.1757893,-70.7417523,no,https://www.openstreetmap.org/way/475573086
Cautiva,bar,,,red social,,,https://instagram.com/cautivacasabar,,,,Víctor Lamas 1199,Concepción,,-36.8286894,-73.0407551,no,https://www.openstreetmap.org/way/510605376
Cabañas Rogeri,,,,telefono,"+56 988274342, +56 988835501",rogeri3@hotmail.com,https://instagram.com/cabanasrogeri,,,,Teniente Merino 385,,,-47.2529227,-72.5760432,no,https://www.openstreetmap.org/way/533028071
Primer Mall Chino,houseware,,,red social,,,https://instagram.com/primermallccp,https://www.facebook.com/primermallconcepcion,,,Avenida Los Carrera 554,Concepción,,-36.824191,-73.0533123,no,https://www.openstreetmap.org/way/562915875
El Averno,bar,78.406.217-1,probable (nombre+comuna contra Registro de Empresas y Sociedades),red social,,,https://instagram.com/elavernobar,,,,Maipú 1401,Concepción,,-36.8204352,-73.0423112,no,https://www.openstreetmap.org/way/564896187
Claudio & Paula OK,general,,,telefono,+56 977 923 904,impclaudiopaula@gmail.com,https://instagram.com/imp.claudiopaula,https://facebook.com/61581168802581,,,Tucapel 771,,,-36.8220029,-73.0482894,no,https://www.openstreetmap.org/way/565571819
Veterinaria Tribu Animal,veterinary,,,telefono,+56 412 797 232,,https://instagram.com/tribu_animal.ccp,,,,Pedro de Oña 215,Concepción,,-36.8066529,-73.0762768,no,https://www.openstreetmap.org/way/587030841
Cabañas Castores Canadienses,,,,telefono,+56 9 7785 5890,,https://instagram.com/cabanascastorescanadienses,https://facebook.com/1590581697843696,,+56 9 7785 5890,,,,-33.3262797,-71.6425163,no,https://www.openstreetmap.org/way/673441303
Centro Deportivo y Social Lord Cochrane,,,,telefono,+56 940 700 543,carlospaz77@gmail.com,https://instagram.com/lordcochranecds,https://www.facebook.com/p/Lord-Cochrane-CDS-100092373879865,,,O'Higgins 1127,Concepción,,-36.8246567,-73.0439664,no,https://www.openstreetmap.org/way/697503124
Importadora Buen Amigo,houseware,77.674.468-9,probable (nombre+comuna contra Registro de Empresas y Sociedades),red social,,,https://instagram.com/importadorabuenamigo2,,,,Caupolicán 755,Concepción,,-36.8245203,-73.053539,no,https://www.openstreetmap.org/way/702567985
Energym,,,,red social,,,https://www.instagram.com/gimnasioenergymnacimiento/?hl=es-la,,,,Fernando Valenzuela 1183,Nacimiento,,-37.5011024,-72.682651,no,https://www.openstreetmap.org/way/705790416
Camping y Cabañas Puertecillo Norte,,,,telefono,+56 9 7539 0566,,https://instagram.com/puertecillonorte,https://facebook.com/Camping-y-Caba%C3%B1as-Puertecillo-Norte-100063574704356,,,,,,-34.0616478,-71.9401289,no,https://www.openstreetmap.org/way/797750575
Liceo C-41 San Juan Bautista de Hualqui,school,,,telefono,+56 44 304 9109,,https://instagram.com/liceo.sanjuanbautista,https://facebook.com/Liceo-San-Juan-Bautista-de-Hualqui-100064107240744,,,O'Higgins 635,Hualqui,,-36.9731647,-72.9344923,no,https://www.openstreetmap.org/way/813251428
Escuela Especial de Lenguaje Altos de Chiguayante,school,,,telefono,+56 41 322 2723,,https://instagram.com/escueladelenguajealtos,,,,General Cornelio Saavedra 21,Chiguayante,,-36.9163083,-73.0310318,no,https://www.openstreetmap.org/way/911026121
Anita Covili,restaurant,,,telefono,+56 45 275 3086,,https://instagram.com/trattoriaanitacovili,https://facebook.com/restorantepastas.anitacovili,,,Pedro Montt 907,Capitan Pastene,,-38.1973897,-72.9935989,no,https://www.openstreetmap.org/way/993991302
Casino UVM,food court,,,red social,,,https://www.instagram.com/casino_campomar,,,,Avenida Diego Portales 90,Viña del Mar,,-33.0247926,-71.5646282,no,https://www.openstreetmap.org/way/1024592902
CESFAM Cardenal José María Caro,clinic,,,correo,,cesfamccaro@corporacionggv.cl,https://instagram.com/cesfamcardenalcaro,https://www.facebook.com/p/Cesfam-Cardenal-CARO-100045540475553,,,Avenida Cuatro Esquinas 89,La Serena,,-29.9329532,-71.258273,no,https://www.openstreetmap.org/way/1059711722
Paseo San Pedro,mall,,,red social,,,https://instagram.com/paseosanpedrodelapaz,,,,,,,-36.859879,-73.1325758,no,https://www.openstreetmap.org/way/1081087118
Supermercado Las Compañías,department store,,,red social,,,https://www.instagram.com/supermercadolascompanias_,https://web.facebook.com/lascompaniassupermercado,,,Avenida Los Libertadores,La Serena,,-29.8894416,-71.2424028,no,https://www.openstreetmap.org/way/1093026968
Escuela Vista Hermosa,school,,,telefono,+56412711300,esc.vistahermosa@demcoronel.cl,https://instagram.com/vista.hermosa.coronel,,,,Los Acacios 901,Coronel,,-37.0255206,-73.1316544,no,https://www.openstreetmap.org/way/1111185473
Sushispop,fast food,,,telefono,+56232773958,,https://www.instagram.com/sushispopnunoa4,,,,Avenida Simón Bolívar 3702,Ñuñoa,,-33.4483652,-70.5930743,no,https://www.openstreetmap.org/way/1122194764
Escuela de Educación Diferencial Alto del Rey,school,,,telefono,+56 9 8175 6455,altodelrey@gmail.com,https://instagram.com/escuelaaltodelrey,,,,Júpiter 1720,San Pedro de La Paz,,-36.8253032,-73.1451189,no,https://www.openstreetmap.org/way/1133176999
Departamento de Historia UdeC,,,,telefono,+56 (41) 2204404,,https://www.instagram.com/departamentodehistoriaudec,,,,Edmundo Larenas 240,Concepción,,-36.8310332,-73.0379228,no,https://www.openstreetmap.org/way/1144630768
Liceo Nueva Zelandia,school,,,telefono,+56 41 339 6007,liceo.nuevazelandia@slepandaliencosta.gob.cl,https://instagram.com/liceo_nueva_zelandia,https://facebook.com/LiceoNZ,,,Alameda Bernardo O'Higgins 589,Santa Juana,,-37.1807702,-72.9400356,no,https://www.openstreetmap.org/way/1151101939
Liceo Bicentenario Anita Serrano Sepúlveda,school,,,telefono,+56 9 3183 7235,anita.serrano@daemtalcahuano.cl,https://instagram.com/anita.serranos,https://facebook.com/liceoanitaserrano,,,David Fuentes 81,Talcahuano,,-36.7206996,-73.1118806,no,https://www.openstreetmap.org/way/1182114403
Escuela Huertos Familiares,school,,,telefono,+56 41 258 4596,huertos.familiares@daemtalcahuano.cl,https://instagram.com/escuelahuertosfamiliaresf500,https://facebook.com/Escuela-F-500-Huertos-Familiares-100070407994723,,,Jaime Repullo 3337,Talcahuano,,-36.7592916,-73.0859856,no,https://www.openstreetmap.org/way/1182261673
Escuela Esmeralda,school,,,telefono,+56976799353,,https://instagram.com/esc.esmeralda,,,,1 Poniente 51,Talcahuano,,-36.7723783,-73.088129,no,https://www.openstreetmap.org/way/1182293715
Escuela Valle Ramadillas,school,,,telefono,+56 9 8864 1310,escuelavalleramadillas@daemarauco.cl,https://instagram.com/escuelavalleramadillas,https://facebook.com/escuelavalleramadillas,,,Ignacio Carrera Pinto 50,Arauco,,-37.3066151,-73.2619288,no,https://www.openstreetmap.org/way/1183693015
Supermercado Genesis,convenience,,,red social,,,https://instagram.com/supermercadogenesis,https://facebook.com/c.alimentos.genesis,,,Avenida Presidente Frei 1035,Cañete,,-37.7906588,-73.3891241,no,https://www.openstreetmap.org/way/1225090934
Free Market,convenience,77.868.318-0,probable (nombre+comuna contra Registro de Empresas y Sociedades),red social,,,https://instagram.com/freemarketspa,,,,Diego de Almagro 2396,Concepción,,-36.8092034,-73.0669338,no,https://www.openstreetmap.org/way/1225093155
Galería Carrillo,,77.899.169-1,probable (nombre+comuna contra Registro de Empresas y Sociedades),telefono,+56 984 093 204,,https://instagram.com/galeriacarrillo,,,,Saavedra 667,Cañete,,-37.8009626,-73.4001692,no,https://www.openstreetmap.org/way/1232673502
Escuela Recaredo Vigueras Araneda,school,,,telefono,+56 41 339 6004,escuela.recaredoviguerasaraneda@slepandaliencosta.gob.cl,https://instagram.com/esc.recaredo.vigueras.a,,,,Irarrázaval 85,Santa Juana,,-37.1753978,-72.936719,no,https://www.openstreetmap.org/way/1252630274
El Muelle Chimbotano,restaurant,77.738.818-5,probable (nombre+comuna contra Registro de Empresas y Sociedades),telefono,+56 939 312 894,,https://instagram.com/elmuellechimbotano,,,,Avenida Presidente Frei 37,Cañete,,-37.7968006,-73.3934724,no,https://www.openstreetmap.org/way/1285363580
Escuela Especial de Lenguaje Campanella,school,,,telefono,+56 9 7213 9915,escueladelenguajecampanella@gmail.com,https://instagram.com/escueladelenguajecampanella,https://facebook.com/Escuela-de-Lenguaje-Campanella-100057611614202,,,Los Olivos 1515,San Pedro de la Paz,,-36.8419411,-73.1030648,no,https://www.openstreetmap.org/way/1290647175
Camping Agua Vida,,,,telefono,+56 9 6495 9393,,https://instagram.com/aguavida_camping,,,,,,,-43.9600389,-72.3950663,no,https://www.openstreetmap.org/way/1344426022
Delucca PlayRoom,bakery,,,red social,,,https://www.instagram.com/delucca.playroom,,,,Avenida Simón Bolívar 3702,Ñuñoa,,-33.4483896,-70.5930083,no,https://www.openstreetmap.org/way/1350696742
Rosamonte,pet grooming,,,red social,,,https://www.instagram.com/rosamonte.petshop,,,,Avenida Simón Bolívar 3737,Ñuñoa,,-33.4486615,-70.5925848,no,https://www.openstreetmap.org/way/1351181761
Club Ulani,kindergarten,77.895.334-K,probable (nombre+comuna contra Registro de Empresas y Sociedades),red social,,,https://www.instagram.com/club_ulani_after_school,,,,Julio Zegers 3735,Ñuñoa,,-33.4515787,-70.5908538,no,https://www.openstreetmap.org/way/1351368646
Kokoro Café,cafe,,,telefono,+56 946924776,kokorocafe.cl@gmail.com,https://instagram.com/kokorocafe.cl,https://facebook.com/abcakestore,,,Esmeralda 601,,,-47.2522134,-72.5721619,no,https://www.openstreetmap.org/way/1369373633
Low & Free,cafe,,,red social,,,https://instagram.com/lowfreebakery,,,,Orompello 180,Concepción,,-36.8274428,-73.0426139,no,https://www.openstreetmap.org/way/1391469651
Clínica Dental Cochrane,dentist,,,telefono,+56 959 859 778,,https://instagram.com/clinicacochrane,,,,Orompello 182,Concepción,,-36.8273806,-73.042654,no,https://www.openstreetmap.org/way/1391469653
Casino Lord Cochrane,restaurant,,,red social,,,https://instagram.com/casino.lordcochrane,,,,O'Higgins 1127,Concepción,,-36.8248777,-73.043822,no,https://www.openstreetmap.org/way/1391972446
Casa Minga,,,,red social,,,https://www.instagram.com/casaminga.ccp,,,,Beltrán Mathieu 75,Concepción,,-36.8293322,-73.0398408,no,https://www.openstreetmap.org/way/1409685923
La Parrilla de Don Humberto,restaurant,,,telefono,+56 51 221 6419,,https://instagram.com/laparrilladedonhumberto,https://www.facebook.com/laparrilladedonhumberto,,,Libertador Bernardo O'Higgins 560,La Serena,,-29.9039369,-71.2483254,no,https://www.openstreetmap.org/way/1410463989
Supermercado Los Huertos,supermarket,,,red social,,,https://instagram.com/supermercardoloshuertos,https://www.facebook.com/supermercado.los.huertos,,,Juan Antonio Ríos 2117,Coronel,,-36.9930065,-73.1642133,no,https://www.openstreetmap.org/way/1424467185
Escuela José Antolin Silva Ormeño,school,,,telefono,+56672583111,,https://instagram.com/escuela.jaso,https://facebook.com/escuelajoseantolin.silvaormeno,,,Ingeniero Steffen 65,Balmaceda,,-45.9104607,-71.6982331,no,https://www.openstreetmap.org/way/1432754123
Camping las Vegas,,,,telefono,+56 9 5537 2267;+56 9 7760 3700,,https://www.instagram.com/centroturisticolasvegas,,,,,,,-36.3974788,-72.8566588,no,https://www.openstreetmap.org/way/1456863335
Camping Casa Hualle,,,,telefono,+56 9 4537 7053,,https://instagram.com/casahualle,,,,,,,-37.1623778,-72.9573748,no,https://www.openstreetmap.org/way/1457603188
Taurus Steakbar,restaurant,,,red social,,,https://instagram.com/taurussteakbar,,,,,,,-36.5902277,-72.0657728,no,https://www.openstreetmap.org/way/1459148943
Liceo Bicentenario Politécnico Cañete,school,,,telefono,+56 9 3028 3574,liceopolitecnicoc@gmail.com,https://instagram.com/liceobicentenariopolicanete,https://facebook.com/Liceo-Bicentenario-Politécnico-Cañete-100054332301796,,,Esmeralda 960,Cañete,,-37.7997256,-73.3904381,no,https://www.openstreetmap.org/way/1459343189
Albania,clothes,78.085.654-8,probable (nombre+comuna contra Registro de Empresas y Sociedades),red social,,,https://instagram.com/albania_chile,,,,Maipú 623,Concepción,,-36.8245098,-73.0521676,no,https://www.openstreetmap.org/way/1460154833
Escuela Esther Hunneus de Claro,school,,,red social,,,https://instagram.com/tropa_hunneus,,,,Alcalde José del Carmen Soto 2895,Concepción,,-36.8113473,-73.0762127,no,https://www.openstreetmap.org/way/1469350776
Colegio Básico Los Lobos,school,,,correo,,los.lobos@daemtalcahuano.cl,https://instagram.com/colegio.loslobos,https://facebook.com/loslobosf1224,,,Las Garzas 193,Talcahuano,,-36.720494,-73.1410825,no,https://www.openstreetmap.org/way/1469353309
Escuela de Lenguaje Santa Marietta,school,,,telefono,+56 41 322 2725,santamarietta@gmail.com,https://instagram.com/santamarietta1,https://facebook.com/escueladelenguajesantamarietta,,,Gabriel Toro 6080,Talcahuano,,-36.7208872,-73.1114626,no,https://www.openstreetmap.org/way/1469358173
Liceo de Adultos Las Américas,school,,,telefono,+56 9 7654 0025,,https://instagram.com/ceiap.lasamericas,https://facebook.com/matriculaonline,,,Las Dalias 3750,Talcahuano,,-36.7479201,-73.0909664,no,https://www.openstreetmap.org/way/1469367168
Colegio San Andrés,school,,,telefono,+56413214027;+56927468218,colegiosanandres2016@gmail.com,https://instagram.com/colegiosanandresconcepcion_,https://facebook.com/csanandresconcepcion,,,Salvador Reyes 1380,Concepción,,-36.794288,-73.0436915,no,https://www.openstreetmap.org/way/1469616367
Colegio Santa Inés,school,,,telefono,+56 41 313 1223,diegogajardo@colegiosantaines.cl,https://instagram.com/csantaines,,,,Arturo Prat 147,Chiguayante,,-36.9123048,-73.0273609,no,https://www.openstreetmap.org/way/1469902382
Colegio Pinares,school,,,telefono,+56 41 318 7292,info@colegiopinares.cl,https://instagram.com/colegio.pinares,https://facebook.com/ColegioPinaresConcepcion,,,Camino a Chiguayante 5583,Chiguayante,,-36.8885734,-73.0349956,no,https://www.openstreetmap.org/way/1470123226
Club Deportivo Lirquén,community centre,,,correo,,deportes.lirquen1994@gmail.com,https://instagram.com/deporteslirquen,https://www.facebook.com/p/Club-Deportes-Lirquen-100089626621625,,,Avenida Arturo Prat 1,,,-36.7164923,-72.9741556,no,https://www.openstreetmap.org/way/1470154484
Iglesia Presbiteriana de Concepción,place of worship,,,correo,,ipch.concepcion@gmail.com,https://instagram.com/ipchconcepcion,https://facebook.com/IglesiaPresbiterianadeConcepcion,,,Rengo 1060,Concepción,,-36.8215937,-73.0558578,no,https://www.openstreetmap.org/way/1470369780
Escuela Básica Lagos de Chile,school,,,telefono,+56 44 304 9171,lagosdechile@andaliensur.cl,https://instagram.com/escuelalagosdechile,https://facebook.com/Escuela-Lagos-de-Chile-100067332019259,,,Lago Villarrica 405,Concepción,,-36.822442,-73.0226654,no,https://www.openstreetmap.org/way/1470375977
Escuela Diferencial ASPAUT Chiguayante,school,,,telefono,+56413173121,aspautchiguayante@gmail.com,https://instagram.com/escueladiferencialaspaut,https://facebook.com/escueladiferencialaspaut,,,Manquimávida 317,Chiguayante,,-36.9404907,-73.0168695,no,https://www.openstreetmap.org/way/1470394896
Escuela de Lenguaje Aserrín Aserrán,school,,,telefono,+56412284112,escuelaserrin@gmail.com,https://instagram.com/escuelaaserrin,,,,Los Acacios 1505,San Pedro de la Paz,,-36.8401576,-73.1027221,no,https://www.openstreetmap.org/way/1470430240
Escuela de Lenguaje Valentina,school,,,telefono,+56 41 239 0455,escuelavalentina@hotmail.com,https://instagram.com/valentinalomascoloradas,https://facebook.com/valentina.lomascoloradas.1,,+56 9 8762 3899,Victoria 471,San Pedro de la Paz,,-36.8838476,-73.1341453,no,https://www.openstreetmap.org/way/1470431241
Escuela de Lenguaje Golden House,school,,,telefono,+56 41 239 2517;+56 9 8361 9897,escuelagoldenhouse@gmail.com,https://instagram.com/golden_house_escuela,https://facebook.com/GoldenHouseSanPedro,,+56 9 8361 9897,Avenida de Los Lagos 461,San Pedro de La Paz,,-36.888216,-73.1453145,no,https://www.openstreetmap.org/way/1470432448
Colegio Metodista Lagunillas,school,,,telefono,+56 41 219 6980,secretarialagunillas@educmetodistacoronel.cl,https://instagram.com/colegiometodistalag,,,,1 Oriente 463,Coronel,,-36.9908595,-73.1676116,no,https://www.openstreetmap.org/way/1471507686
Escuela de Lenguaje Yireh Los Molles,school,,,red social,,,https://instagram.com/escuelayirehlosmolles,,,,Los Molles 768,Coronel,,-36.989097,-73.1606898,no,https://www.openstreetmap.org/way/1471507691
Escuela Amanda Labarca,school,,,telefono,+56 43 253 4319,escuela.alabarca@daemlaja.cl,https://instagram.com/escuela.amanda.labarca,,,,Luis Cruz Martínez 15,Laja vst,,-37.2797989,-72.7166673,no,https://www.openstreetmap.org/way/1471533630
Escuela Diferencial Rayito de Sol,school,,,telefono,+56 41 277 2494,cet_rayito_de_sol@yahoo.es,https://instagram.com/escuela.rayitodesol,,,,Galvarino Riveros 1251,Coronel,,-37.0344277,-73.1372956,no,https://www.openstreetmap.org/way/1471846376
Escuela Especial Diferencial Sol Naciente,school,,,telefono,+56 41 271 8083;+56 9 7478 9247,escuelasolnaciente@gmail.com,https://instagram.com/escuelasolnacientecoronel,https://facebook.com/Escuela-Especial-Sol-NacienteCoronel-100088047822605,,,Los Molineros 538,Coronel,,-36.9919258,-73.1646598,no,https://www.openstreetmap.org/way/1471854619
Escuela Especial de Lenguaje Efraín Aedo,school,,,telefono,+56 41 271 6995;+56 9 4404 7230,efrainaedo@gmail.com,https://instagram.com/escuela.lenguaje.efrain.aedo,,,,Los Robles 3554,Coronel,,-36.9793833,-73.1620257,no,https://www.openstreetmap.org/way/1471857673
Escuela Rosa Yáñez Rodríguez,school,,,telefono,+56 41 271 0577,esc.rosayanez@demcoronel.cl,https://instagram.com/escuela.rosayanezrodriguez,https://facebook.com/escuelarosa.yanezrodriguez,,,Pedro Aguirre Cerda 251,Coronel,,-37.0232635,-73.176026,no,https://www.openstreetmap.org/way/1471858780
Centro Integral Adultos Paul Percival Harris,school,,,telefono,+56 41 255 3449,ceiapaulpercivalharris@gmail.com,https://instagram.com/ceia.paul.harris,https://facebook.com/ceiapaulpercivalharrisarauco,,,Punta Carampangue,Arauco,,-37.2467338,-73.2837808,no,https://www.openstreetmap.org/way/1472820150
Junta de Vecinos N°24 Villa El Toqui,community centre,,,red social,,,https://instagram.com/juntavecinosvillaeltoqui,,,,Circunvalación Monjitas Oriente,La Serena,,-29.870409,-71.2327223,no,https://www.openstreetmap.org/way/1472877683
Escuela Especial de Lenguaje Palabras Mágicas,kindergarten,,,telefono,+56968792066;+56976670055,,https://instagram.com/escuelapalabrasmagicas,https://facebook.com/Palabramagicas,,+56968792066;+56976670055,Calle Uno 4700,Coronel,,-36.9662253,-73.1414002,no,https://www.openstreetmap.org/way/1479471465
Dormicentro Celta,furniture,,,telefono,+56 943 551 680,,https://instagram.com/dormicentrocelta,https://facebook.com/dormicentrocelta,,,Ernesto Riquelme 121,Cañete,,-37.7979555,-73.3996178,no,https://www.openstreetmap.org/way/1507587475
Padel Plus,,,,red social,,,https://instagram.com/padelpluschile,,,,Avenida Rodrigo de Araya 1631,,,-33.4753204,-70.6147191,no,https://www.openstreetmap.org/way/1508286974
Residencia Universitaria Valentín Letelier,,,,telefono,+56 41 2732280,residenciavletelier@gmail.com,https://www.instagram.com/r.valentin_letelier,,,,Los Tilos 1208,Concepción,,-36.8307716,-73.0389076,no,https://www.openstreetmap.org/way/1518984385
Nekomidas,restaurant,,,red social,,,https://instagram.com/nekomidas_,,,,Avenida Chacabuco 925,Concepción,,-36.8289317,-73.0445869,no,https://www.openstreetmap.org/way/1521335244
El Bajón del Barny,fast food,78.115.553-5,probable (nombre+comuna contra Registro de Empresas y Sociedades),telefono,+56 9 5778 0418,,https://www.instagram.com/elbajondelbarny,,,,Calle 2 Norte,Talca,,-35.4304952,-71.6303351,no,https://www.openstreetmap.org/way/1542777025
Mueblería Baby Sueños,furniture,,,telefono,+56 9 7133 4604,,https://www.instagram.com/babysuenosmuebleria,https://www.facebook.com/cunastalca,,,Calle 25 Oriente 1442,Talca,,-35.4292631,-71.6289917,no,https://www.openstreetmap.org/way/1543326835
Más Limpio,chemist,,,telefono,+56 9 3409 1722,,https://www.instagram.com/mas.limpiotalca,,,,Calle 3½ Norte 3244,Talca,,-35.4289536,-71.6302115,no,https://www.openstreetmap.org/way/1544318099
Specialized,bicycle,,,red social,,,https://www.instagram.com/vidaurrebikes,,,,,,,-33.2837434,-70.6808453,no,https://www.openstreetmap.org/relation/17554392
Ñirrantal,restaurant,,,telefono,+56 950738940,nirrantal@gmail.com,,https://facebook.com/Restaurannirrantalpatagonia,,,Bernardo O'Higgins 650,,,-47.2559588,-72.5725249,no,https://www.openstreetmap.org/node/1038357777
Lavandería Lavansol,laundry,,,telefono,+56 72 223 1114; +56 97 761 7887,,,https://www.facebook.com/Lavansol,,,,,,-34.164391,-70.7394823,no,https://www.openstreetmap.org/node/1760576235
Xin Jiang,restaurant,,,red social,,,,https://www.facebook.com/comidachinaovalle,,,Coquimbo 234,,,-30.6018336,-71.1996181,no,https://www.openstreetmap.org/node/1781599878
"Bellavista: Hospedaje, Camping y Transporte",,,,telefono,+56 9 8152 8505,,,https://facebook.com/BellavistaPuertoRioTranquilo,,,,,,-46.6287485,-72.6741235,no,https://www.openstreetmap.org/node/2645535699
Café Oriente,cafe,,,red social,,,,https://facebook.com/cafe.oriente.coyhaique,,,Carlos Condell 201,,,-45.5703814,-72.0668672,no,https://www.openstreetmap.org/node/2687631361
Restaurant y Bar Hotzenplotz,restaurant,,,telefono,+56 9 77523309,hotzenplotzvalpo@gmail.com,,https://facebook.com/Hotzenplotz,,,Héctor Calvo 331,Valparaíso,,-33.0482814,-71.6224603,no,https://www.openstreetmap.org/node/3409639693
Camping Karuko,,,,telefono,+56 9 9361 3749,,,https://facebook.com/camping.karuko.2024,,,,,,-39.3764072,-71.5761911,no,https://www.openstreetmap.org/node/4091321872
Paredes,no,,,telefono,+56 9 9554 4767,,,https://facebook.com/pages/Camping-Paredes-Puerto-Montt/423031034433102,,,Camino Chinquihue Km 6,Chinquihue,,-41.494908,-72.987553,no,https://www.openstreetmap.org/node/4141006399
Taxis San Sebastian,car,,,telefono,672213030,,,https://facebook.com/San,,,Mackenna,,,-45.5790999,-72.0466247,no,https://www.openstreetmap.org/node/4162338020
Takuba,restaurant,,,red social,,,,https://www.facebook.com/takubalaserena,,,,,,-29.904266,-71.2486998,no,https://www.openstreetmap.org/node/4356067892
Terra Sano,restaurant,,,red social,,,,https://www.facebook.com/prasadam.localvegetariano,,,Gorbea 2017,Santiago,,-33.4523908,-70.6633267,no,https://www.openstreetmap.org/node/4454179097
Komedor Vegetariano,,,,red social,,,,https://www.facebook.com/komedxrvegetariano,,,Morris 533,Valparaíso,,-33.0490434,-71.6090643,no,https://www.openstreetmap.org/node/4559140931
Terrazza,bar,,,correo,,info@terrazza.cl,,https://facebook.com/terrazzachile,,,,,,-29.9045788,-71.2508056,no,https://www.openstreetmap.org/node/4564099691
Camping Las Confluencias,,,,telefono,+56 9 4251 4997,,,https://facebook.com/561709287497752,,,,,,-45.8081372,-71.9263983,no,https://www.openstreetmap.org/node/4629294393
Camping Ammonites,,,,telefono,+56672241053,,,https://facebook.com/campingammonitescoyhaique,,,Avenida General Baquedano,,,-45.5721478,-72.0441529,no,https://www.openstreetmap.org/node/4672158889
Camping Vivavi,,,,telefono,+56 9 7382 7691,,,https://facebook.com/campingvivavi,,,,,,-43.9703645,-72.4027562,no,https://www.openstreetmap.org/node/4730483927
Cúrcuma,restaurant,,,telefono,+56 9 9509 0670,,,https://www.facebook.com/curcumapichilemu,,,Comercio 2241,,,-34.4060378,-72.0260271,no,https://www.openstreetmap.org/node/4749328921
Calama Firma Motos,motorcycle,,,telefono,+5655827745,ventas@ktmcalama.cl,,https://www.facebook.com/pg/calamafirma.motos,,,Abaroa 2204,Calama,,-22.4585414,-68.9273896,no,https://www.openstreetmap.org/node/5058497022
Cosmo Elqui Valley,,,,telefono,+56932006237,cosmoelquivalley@gmail.com,,https://www.facebook.com/Cosmo-Elqui-Valley-839001822946259,,,,,,-29.9767491,-70.5530583,no,https://www.openstreetmap.org/node/5327830328
Camping Doña Dora,,,,telefono,+56 9 8463 9813,,,https://facebook.com/Camping-Do%C3%B1a-Dora-100039029637192,,,,,,-46.3474591,-72.7761221,no,https://www.openstreetmap.org/node/5361018221
Camping Minerva,,,,telefono,+56 9 8967 8312,,,https://facebook.com/CampingMinerva,,,Enrique Novoa 865,Pucón,Región de La Araucanía,-39.2777594,-71.9667219,no,https://www.openstreetmap.org/node/5401599822
Rayito de Sol,restaurant,,,telefono,+56996719699,,,https://facebook.com/rayitodesolcochrane,,,,,,-47.2486024,-72.5847657,no,https://www.openstreetmap.org/node/5476542121
Backcounty Ski Service,travel agency,,,telefono,+56998778780,lagunasnowpark@outlook.com,,https://www.facebook.com/lagunasnowpark,,,,,,-35.8854758,-72.6798276,no,https://www.openstreetmap.org/node/5512584847
Arboleda Emaluisa,restaurant,,,red social,,,,https://www.facebook.com/arboledaemaluisa,,,Temuco - Chol Chol,Temuco,Región de La Araucanía,-38.6951191,-72.6650961,no,https://www.openstreetmap.org/node/5622252899
Las Tranqueras Camping,,,,telefono,+56 9 8427 5856,,,https://facebook.com/CabalgatasyCampingLasTranqueras,,,Km 41.3,,,-41.2216675,-72.5542393,no,https://www.openstreetmap.org/node/5714502021
Terraza Lamar Restaurante,restaurant,,,telefono,+56 98249 1542,,,https://facebook.com/Terraza,,,Rudolph 112,,,-33.0480287,-71.620885,no,https://www.openstreetmap.org/node/5724103921
Hostal Roxanna,,,,telefono,+56994987156,lsobarzop@gmail.com,,https://facebook.com/hostalroxana.cochrane,,,Luis Báez 840,,,-47.2496893,-72.5693687,no,https://www.openstreetmap.org/node/6267108641
Pachamama,shoes,,,red social,,,,https://facebook.com/pachamama.cochrane,,,,,,-47.2532892,-72.5752826,no,https://www.openstreetmap.org/node/6267108921
Taller Mecánico Alfa,car repair,,,correo,,marvinarriagada@yahoo.com.ar,,https://facebook.com/profile.php?id=100086275659918,,,,,,-47.2560111,-72.5716501,no,https://www.openstreetmap.org/node/6267108988
Camping El Arroyo,,,,telefono,+56 9 9848 2933,,,https://facebook.com/campingelarroyolagoranco,,,,Lago Ranco,,-40.3227367,-72.4903781,no,https://www.openstreetmap.org/node/6281257491
Supermercado Ñuble,supermarket,,,telefono,43 251 2156,supnubleltda@outlook.com,,https://www.facebook.com/SuperNuble,,,Los Castaños 385,Nacimiento,,-37.4992605,-72.6828145,no,https://www.openstreetmap.org/node/6611235871
Johnny Motos,motorcycle,,,red social,,,,https://www.facebook.com/Johnny-Motos-381073202307499,,,Avenida Quilín 2608,Macul,,-33.4848429,-70.6043661,no,https://www.openstreetmap.org/node/6701032960
Dos Salmones,restaurant,,,red social,,,,https://es-la.facebook.com/DosSalmones,,,Avenida Carlos León Briceño 400,,,-32.6295526,-71.4231209,no,https://www.openstreetmap.org/node/7117959152
Farmacias Mi Botica,pharmacy,,,red social,,,,https://www.facebook.com/profile.php?id=100014272082274&sk=about,,,Villa Alegre 675,Nacimiento,,-37.499271,-72.6739492,no,https://www.openstreetmap.org/node/7159388786
Clínica Dental Nacimiento,dentist,,,telefono,43 2 295637,,,https://www.facebook.com/cdnacimiento,,,Avenida La Cruz 368,Nacimiento,,-37.5001362,-72.6755475,no,https://www.openstreetmap.org/node/7182062641
Estancia Lago Fagnano,,,,telefono,+56982168388,estancialagofagnano@gmail.com,,https://www.facebook.com/estancialagofagnano,,,Ruta Y-85,Timaukel,,-54.5059588,-68.7328625,no,https://www.openstreetmap.org/node/7200384789
Los Chingones,restaurant,,,red social,,,,https://facebook.com/Loschingonesrestaurant,,,Lord Cochrane 20,Santiago,,-33.4456165,-70.6551676,no,https://www.openstreetmap.org/node/7590831989
Funeraria Los Ángeles,funeral directors,,,red social,,,,https://www.facebook.com/Funeraria-Los-%C3%81ngeles-nacimiento--315623458490163,,,El Palqui 833,Nacimiento,,-37.5056217,-72.6747827,no,https://www.openstreetmap.org/node/8248723367
Deliland,restaurant,,,red social,,,,https://www.facebook.com/delilandnacimiento,,,Los Jazmines 1820,Nacimiento,,-37.4927006,-72.6893995,no,https://www.openstreetmap.org/node/8249770021
Go Rehabilitación,,77.847.205-8,probable (nombre+comuna contra Registro de Empresas y Sociedades),red social,,,,https://www.facebook.com/GOrehabilitacion,,,Los Castaños 356,Nacimiento,,-37.4985813,-72.6822459,no,https://www.openstreetmap.org/node/8256098452
Animal Vet,veterinary,,,telefono,+56 43 229 2660,,,https://www.facebook.com/Animal-vet-200142097355806,,+56 9 8405 0462,Villa Alegre 817,Nacimiento,,-37.4984788,-72.6757527,no,https://www.openstreetmap.org/node/8260171947
Centro Odontológico Ayelén,dentist,,,correo,,ayelenasociados@gmail.com,,https://www.facebook.com/Ayelendental,,,Jorge Montt 382,Nacimiento,,-37.5015378,-72.6691242,no,https://www.openstreetmap.org/node/8262553839
Cruz Roja,ngo,,,red social,,,,https://www.facebook.com/cruzrojafilial.nacimiento.9,,,,,,-37.5021963,-72.6691873,no,https://www.openstreetmap.org/node/8262553840
Universo Deportes,sports,,,whatsapp,,,,https://www.facebook.com/Universo-Deportes-2114153052183280,,+569 79793468,,,,-37.5017581,-72.6741237,no,https://www.openstreetmap.org/node/8265029691
Constructura e Ingeniería VI,architect,,,whatsapp,,,,https://www.facebook.com/Constructora-e-Ingenier%C3%ADa-VI-166107747641213,,+56 9 79793468,,,,-37.5017086,-72.6741065,no,https://www.openstreetmap.org/node/8265029692
Optica Caupolicán,optician,,,correo,,opticacaupolica@gmail.com,,https://www.facebook.com/optica_caupolican-101789398218218,,,,,,-37.5011646,-72.6720473,no,https://www.openstreetmap.org/node/8265173976
Departamento de Salud,government,,,telefono,43 2578779,,,https://www.facebook.com/Departamento-de-Salud-Municipal-Nacimiento-664604093939595,,,,,,-37.5024995,-72.6710087,no,https://www.openstreetmap.org/node/8265433170
La Isla del Tesoro,,,,telefono,+56 9 96920399,,,https://www.facebook.com/laisladeltesoro.nacimiento.5,,,,,,-37.4208578,-72.6687034,no,https://www.openstreetmap.org/node/8282268449
Vivero El Budy,garden centre,,,red social,,,,https://www.facebook.com/Jard%C3%ADn-El-Budy-488289404880746,,,,,,-37.4961651,-72.4820521,no,https://www.openstreetmap.org/node/8419042975
Quesos Coyanco,cheese,,,telefono,+56 9 6616 8342,prolacteo@hotmail.com,,https://www.facebook.com/QuesosCoyanco,,,,,,-37.4835896,-72.465787,no,https://www.openstreetmap.org/node/8419043006
El Alto Canario,,,,red social,,,,https://www.facebook.com/groups/uniquetrees/posts/1228604264443909/?comment_id=1231190227518646&notif_id=1678901820437443&notif_t=group_comment_follow,,,,,,-33.544727,-70.688579,no,https://www.openstreetmap.org/node/8824710304
La Puerta Roja,restaurant,,,telefono,+56969064168,lapuertaroja537@gmail.com,,https://www.facebook.com/p/La-Puerta-Roja-100083331937247,,,San Pedro 537,Puerto Varas,Región de Los Lagos,-41.318405,-72.984031,no,https://www.openstreetmap.org/node/8914885178
Cabaña Carmela,,,,red social,,,,https://www.facebook.com/Caba%C3%B1as-R%C3%BAsticas-Aurora-108914618460184,,,,,,-39.3602037,-72.1639258,no,https://www.openstreetmap.org/node/9667371781
Govinda's Restaurant,restaurant,,,correo,,vrindalaserena@gmail.com,,https://www.facebook.com/govindalaserena,,,Lautaro 841,La Serena,,-29.9054867,-71.2457056,no,https://www.openstreetmap.org/node/9731535625
Bicicletería El Rayo,bicycle,,,telefono,72 253 1499,elrayo.bicicleteria@gmail.com,,https://www.facebook.com/elrayorancagua,,,Avenida Capitán Ramón Freire 155,Rancagua,,-34.1682255,-70.7349972,no,https://www.openstreetmap.org/node/9807411088
Di' Martin,convenience,,,red social,,,,https://www.facebook.com/pages/category/Bakery/Di-Martin-Panaderia-155548848473975,,,,,,-41.4056128,-72.9125866,no,https://www.openstreetmap.org/node/9820207963
Hostal Estado,,,,telefono,+56 9 6161 2839,,,https://www.facebook.com/hostalestado565,,,Paseo Peatonal del Estado 565,,,-34.1720569,-70.7411993,no,https://www.openstreetmap.org/node/9955991539
Automas,car repair,,,telefono,+56992149512,,,https://facebook.com/automaselectromecanica,,,,,,-33.0155375,-71.2716735,no,https://www.openstreetmap.org/node/9964100423
Punto y Coma 215,fast food,,,telefono,+56938831271,,,https://www.facebook.com/puntoycomaruta215,,,Ruta 215 CH Kilometro 8,Osorno,,-40.6071367,-73.0173872,no,https://www.openstreetmap.org/node/10088672140
La Chica del Aseo,carpet cleaner,,,whatsapp,,,,https://www.facebook.com/people/La-Chica-Del-aseo/100085168447862,,+56 9 7292 2594,Pasaje Enco 173,Panguipulli,,-39.6386044,-72.3195464,no,https://www.openstreetmap.org/node/10703029956
Escuela de Lenguaje Letritas,school,,,telefono,+56 41 238 0667,,,https://www.facebook.com/Escuela-Especial-De-Lenguaje-Letritas-100057332144280,,,Avenida Andalién 1086,,,-36.7921472,-73.0379678,no,https://www.openstreetmap.org/node/10971906484
Colegio Porvenir School,school,,,telefono,+56 41 236 5061,secreporvenir@gmail.com,,https://facebook.com/ColegioPorvenirSchool,,,Porvenir 787,Chiguayante,,-36.951315,-73.021985,no,https://www.openstreetmap.org/node/11282103684
Cuinco Zoo,,,,telefono,+56964435365,,,https://www.facebook.com/aves.cuincoalto.7,,,,,,-40.2058945,-72.650547,no,https://www.openstreetmap.org/node/11330627945
Silgon,hardware,,,telefono,+56 988 290 117,,,https://facebook.com/silgon,,,Covadonga 350,Cañete,,-37.8017965,-73.3984191,no,https://www.openstreetmap.org/node/11434912195
Escuela Especial de Lenguaje Santa Rosa de Pelequén,school,,,red social,,,,https://www.facebook.com/rosa.pelequen,,,Avenida Santa Rosa 145,Pelequén,,-34.4622351,-70.894356,no,https://www.openstreetmap.org/node/11462692093
Camping Alpehue,,,,red social,,,,https://facebook.com/campingalpehue,,,,,,-38.9435243,-71.6140379,no,https://www.openstreetmap.org/node/11700299085
San Pablo,pharmacy,,,telefono,+56 990 990 281,,,https://facebook.com/farmacia.sanpablo.92,,,Covadonga 316,Cañete,,-37.8017549,-73.3985683,no,https://www.openstreetmap.org/node/11869845475
Moya Garage,car repair,,,correo,,moya.garage@gmail.com,,https://facebook.com/moyagarage,,+56977029215,El Sauce 1548,,,-33.6306347,-70.618965,no,https://www.openstreetmap.org/node/11961666080
Liceo Técnico Forestal Escuadrón,school,,,telefono,+56 41 239 1264,liceo.escuadron@ier.cl,,https://facebook.com/liceotecnico.forestalescuadron,,,Ruta 160,Coronel,,-36.9185323,-73.1500909,no,https://www.openstreetmap.org/node/11988011705
duub Hostel & Cabañas,,,,telefono,+56996212169,reservas@duub.cl,,http://www.instragram.com/duubhostel,,,Ruta N-55 68,Las Trancas,,-36.9080736,-71.5241024,no,https://www.openstreetmap.org/node/12503354027
San Mateo,place of worship,,,red social,,,,https://www.facebook.com/misionanglicana.sanmateo,,,Camino Las Flores 19796,Pudahuel,,-33.4489626,-70.8487188,no,https://www.openstreetmap.org/node/13174014628
Boulder Plan Viña del Mar,,,,correo,,boulderplan@gmail.com,,https://www.facebook.com/BoulderPlan,,,5 Oriente 126,Viña del Mar,,-33.0221785,-71.5447208,no,https://www.openstreetmap.org/node/13231996404
Minimarket Spacio Kayfra,convenience,,,red social,,,,https://facebook.com/spaciokayframinimarketcochrane,,,,,,-47.2485194,-72.5671729,no,https://www.openstreetmap.org/node/13271206209
Bazar de la Trini,craft,,,telefono,+56 9 6630 8223,elbazardelatriniconcepcion@gmail.com,,https://www.facebook.com/bazardelatriniconce,,,Barros Arana 653,Concepción,,-36.8258189,-73.0509049,no,https://www.openstreetmap.org/node/13346946731
Camping Nahuelbuta,,,,telefono,+56 9 9269 5686,,,https://facebook.com/cabanasnahuelbuta,,,,,,-37.1921883,-72.9973145,no,https://www.openstreetmap.org/node/13364184100
Panadería Don Oso,bakery,,,correo,,panaderiadonoso@gmail.com,,https://facebook.com/OSODON,,,Batallón Atacama 224,,,-27.0686875,-70.8146875,no,https://www.openstreetmap.org/node/13379211201
Camping Los Robles,,,,telefono,+56 9 5312 3262,,,https://facebook.com/camping.losrobles,,,,,,-39.272438,-71.9608154,no,https://www.openstreetmap.org/node/13385951959
Camping Chanlelfu,,,,telefono,+56 9 9948 5455,,,https://facebook.com/camping.chanlelfu.1,,,,,,-39.8305626,-72.0204391,no,https://www.openstreetmap.org/node/13414505785
Camping El Oasis,,,,telefono,+56 9 8130 7415,,,https://facebook.com/Camping-El-Oasis-de-Reyehueico-913239745508452,,,,,,-39.6974802,-71.895121,no,https://www.openstreetmap.org/node/13416709778
Camping Pablito Ensenada,,,,telefono,+56 9 3958 1479,,,https://facebook.com/campingpablitoensenada,,,,,,-41.2196884,-72.5669403,no,https://www.openstreetmap.org/node/13431307704
Camping Picaflor,,,,telefono,+56 9 3173 6969,,,https://facebook.com/Campingpicaflor,,,,,,-44.9806862,-72.1793137,no,https://www.openstreetmap.org/node/13469256785
Farma Al Día,pharmacy,,,red social,,,,https://facebook.com/farmaaldiaspa,,,Avenida Paicaví 1376,,,-36.8139892,-73.0477189,no,https://www.openstreetmap.org/node/13483059601
Cordonería Carrusel,tailor,,,telefono,+56 9 75528628,,,https://facebook.com/cordoneriacarrusel.coyhaique,,,Freire 225,,,-45.5729611,-72.0724435,no,https://www.openstreetmap.org/node/13510456201
El Rincón de la Feña,clothes,,,telefono,+56 991410531,,,https://facebook.com/rincon.de.la.fena.2025,,,Doctor Steffens 470,,,-47.2544719,-72.5746188,no,https://www.openstreetmap.org/node/13520520186
Panadería Leandro,bakery,,,red social,,,,https://www.facebook.com/panaderialeandro,,,Piloto Pardo 237,,,-44.7333312,-72.6808852,no,https://www.openstreetmap.org/node/13531584971
Pizzas Garden,restaurant,,,telefono,+56 45 221 9350,,,https://facebook.com/pizzasgarden,,,Manuel Montt 290,,,-38.7377216,-72.5973886,no,https://www.openstreetmap.org/node/13567657101
Farmacia Chilena,pharmacy,,,telefono,+56 41 230 9887,farmaciachilena@gmail.com,,https://facebook.com/farmaciachilena,,+56 9 7872 0848,Colo Colo 682,Concepción,,-36.8238907,-73.0497341,no,https://www.openstreetmap.org/node/13596698997
Persa Cienfuegos,marketplace,,,red social,,,,https://www.facebook.com/p/Persa-Cienfuegos-La-Serena-100063469207741,,,José Ignacio Cienfuegos 425,La Serena,,-29.9023483,-71.2474701,no,https://www.openstreetmap.org/way/85505012
Terminal de Buses Los Notros,bus station,,,telefono,+56 43 251 2229,,,https://www.facebook.com/Terminal-de-Buses-Los-Notros-Nacimiento-693559674173297,,,Avenida Julio Hemmelmann 1115,Nacimiento,,-37.5004931,-72.6866818,no,https://www.openstreetmap.org/way/108548496
Liceo San Pedro,school,,,telefono,+56 41 339 5795,liceosanpedro@daemspp.cl,,https://facebook.com/Liceo-San-Pedro-100057263537184,,,Los Peumos 25,San Pedro de la Paz,,-36.8395343,-73.1107068,no,https://www.openstreetmap.org/way/115336714
Escuela Arturo Prat Chacón,school,,,telefono,+56 41 333 1910,arturopratchacon@educanete.cl,,https://facebook.com/APCHCanete,,,Condell 114,Cañete,,-37.8001545,-73.4003481,no,https://www.openstreetmap.org/way/161766726
Aguas Blancas,place of worship,,,red social,,,,https://www.facebook.com/iglesiasantuarioaguasblancas,,,,,,-37.7769062,-71.6989582,no,https://www.openstreetmap.org/way/295014076
Escuela de Lenguaje Rayen Antu,school,,,correo,,escuela.rayenantu@demcuranilahue.cl,,https://facebook.com/ESCUELA-DE-LENGUAJE-RAYEN-ANTU-100057236388800,,+56 9 4003 6190,Eduardo Frei Montalva 1400,Curanilahue,,-37.4695111,-73.3625062,no,https://www.openstreetmap.org/way/400532484
Hinojosa,butcher,,,red social,,,,https://www.facebook.com/HinojosaCecinas,,,,,,-33.6471844,-70.9193389,no,https://www.openstreetmap.org/way/449565598
Escuela Jorge Iván Valenzuela Zúñiga,school,,,telefono,+56 41 255 3272,ssaavedra@daemarauco.cl,,https://facebook.com/Escuela-Jorge-Iván-Valenzuela-Zúñiga-100057377471777,,,,Arauco,,-37.1490031,-73.5839146,no,https://www.openstreetmap.org/way/496457380
Hostal Central Cochrane,,,,telefono,+56 994929444,trudylok@hotmail.com,,https://facebook.com/hostalcentralcochrane,,,Teniente Merino 347,,,-47.25294,-72.576244,no,https://www.openstreetmap.org/way/533028073
Parque Alessandri,,,,red social,,,,https://www.facebook.com/parquealessandrinacimiento,,,,,,-37.5032261,-72.6777086,no,https://www.openstreetmap.org/way/556578217
Primera Iglesia Bautista,place of worship,,,telefono,+56988396021,ibautistalaserena@gmail.com,,https://www.facebook.com/pib.laserena,,,Benavente 630,La Serena,,-29.9043142,-71.2458511,no,https://www.openstreetmap.org/way/591314433
Pizzamania,restaurant,,,red social,,,,https://facebook.com/pizzamanialaserena,,,,,,-29.9351276,-71.2404519,no,https://www.openstreetmap.org/way/613159459
Camping Calabocillos,,,,telefono,+56 9 9223 8367,,,https://facebook.com/camping.calabocillos,,,,,,-35.3345898,-72.4342884,no,https://www.openstreetmap.org/way/676228634
Galería Palet,,,,red social,,,,https://www.facebook.com/p/Galer%C3%ADa-Palet-100057094524255,,,Barros Arana 653,Concepción,,-36.8262448,-73.0506243,no,https://www.openstreetmap.org/way/808881563
Sushi Takeshi Duo,restaurant,,,red social,,,,https://www.facebook.com/SushiTakeshiMaipu,,,Avenida La Farfana 1334,Maipú,,-33.4909183,-70.7701158,no,https://www.openstreetmap.org/way/871934569
Complejo Turístico Montemalal,,,,red social,,,,https://www.facebook.com/Complejo-tur%C3%ADstico-Montemalal-1526429490807850,,,,,,-37.2143811,-72.3899948,no,https://www.openstreetmap.org/way/888643426
Centro Recreativo Toleval,,,,telefono,+56 43 251 1203,,,https://www.facebook.com/centrorecreativoToleval,,,,,,-37.4904189,-72.6956863,no,https://www.openstreetmap.org/way/895396618
Biolac,cheese,,,telefono,+56 9 9221 1445,sociedadcomercialbiolac@gmail.com,,https://www.facebook.com/Biolac-Hacienda-de-Negrete-577206402699418,,+56 9 7495 9924,,,,-37.5301456,-72.6238168,no,https://www.openstreetmap.org/way/906892697
Camping Puente Palo,,,,red social,,,,https://facebook.com/campingpuente.palonacimiento.52,,,,,,-37.4418368,-72.7750853,no,https://www.openstreetmap.org/way/1072362333
Camping El Mirador,,,,telefono,+56 9 9870 6602,,,https://facebook.com/campingmirador.campingpicnic,,,,,,-40.3248944,-72.4916916,no,https://www.openstreetmap.org/way/1175168757
Colegio Alonso de Ercilla,school,,,telefono,+56 41 224 3937,secretariaalonso@gmail.com,,https://facebook.com/colegioalonsodeercillaconcepcion,,,Rancagua 114,Concepción,,-36.8367417,-73.0573239,no,https://www.openstreetmap.org/way/1182026547
Escuela Particular Diego Portales,school,,,telefono,+56 41 241 6867,escueladiegoportales@gmail.com,,https://facebook.com/escuela-diego-portales-1017705148290842,,,Sicilia 2967,Hualpén,,-36.7841629,-73.0957755,no,https://www.openstreetmap.org/way/1182300691
Escuela Francisco Coloane,school,,,telefono,+56 2 2869 2806,escuela.franciscocoloane@slepandaliencosta.gob.cl;esc.franciscocoloane@demcoronel.cl,,https://facebook.com/escuelafranciscocoloane,,,Alonso de Ercilla,Coronel,,-37.0455237,-73.5132048,no,https://www.openstreetmap.org/way/1183495445
Club Deportivo de Artes Marciales,,,,red social,,,,https://web.facebook.com/groups/553445548090586,,,,,,-47.2528396,-72.5702744,no,https://www.openstreetmap.org/way/1212093759
Camping El Bosque,,,,telefono,+56 9 7324 8133,,,https://facebook.com/campingelbosqueeltabo,,,,El Tabo,,-33.4492607,-71.6751347,no,https://www.openstreetmap.org/way/1339454035
Escuela de Lenguaje Yireh,school,,,telefono,+56332417081,,,https://facebook.com/escuelayireh,,,Andrés Bello 181,,,-33.0092792,-71.2572216,no,https://www.openstreetmap.org/way/1348213283
Texas Limache,,,,red social,,,,https://www.facebook.com/Texaslimache,,,,Limache,,-32.9945288,-71.2632407,no,https://www.openstreetmap.org/way/1358270399
Organización Vecinal Susana de La Hoz,community centre,,,red social,,,,https://www.facebook.com/profile.php?id=100094979118080,,,5510,La Serena,,-29.8802334,-71.217138,no,https://www.openstreetmap.org/way/1361053080
Tienda Aluén,clothes,,,telefono,+56 99955699,tiendaaluen@gmail.com,,https://facebook.com/tiendaaluen,,,Río Colonia 99,,,-47.2536101,-72.570352,no,https://www.openstreetmap.org/way/1447457034
Jardín Infantil y Sala Cuna Semillitas de La Paz,kindergarten,,,red social,,,,https://www.facebook.com/profile.php?id=100069838946962,,,Avenida La Paz 4022,La Serena,,-29.876405,-71.2233487,no,https://www.openstreetmap.org/way/1451434855
Outlet F Y M Alaska,houseware,,,red social,,,,https://www.facebook.com/fym.alaska.5,,,Caupolicán,Concepción,,-36.8242372,-73.0525569,no,https://www.openstreetmap.org/way/1456110522
Divino Restorant,restaurant,,,telefono,+56 966 840 904,marketgymspa@gmail.com,,https://www.facebook.com/p/Divino-Restorant-100079079102941,,,,Contulmo,,-38.0059135,-73.2240996,no,https://www.openstreetmap.org/way/1456802051
Hostal Cisne Blanco,,,,telefono,+56 962297633,,,https://facebook.com/Hostalcisneblanco,,,,,,-44.7336014,-72.6804704,no,https://www.openstreetmap.org/way/1457114028
Escuela Primer Agua,school,,,telefono,0832445863,carmenavilaysalazar@gmail.com,,https://facebook.com/www.facebook.com/escuelaprimeragua,,,Ruta P-72-S,,,-38.4082873,-73.499836,no,https://www.openstreetmap.org/way/1468587971
Escuela Especial de Lenguaje Santa Dominga,school,,,telefono,+56997789881,escueladelenguajesantadominga@gmail.com,,https://facebook.com/escueladelenguaje.santadominga,,,Ricardo Garrido Arce 895,Coronel,,-36.994103,-73.1519502,no,https://www.openstreetmap.org/way/1471509627
Escuela Escuadrón Coronel,school,,,telefono,+56 9 41 275 1393,,,https://facebook.com/escuelaescuadroncoronel,,,Avenida La Mora,Coronel,,-36.9701864,-73.1466447,no,https://www.openstreetmap.org/way/1532075773
Parcela San Antonio,,,,telefono,+56 9 9542 5212,,,,,,,,,-37.0436168,-72.8682911,no,https://www.openstreetmap.org/node/9374895309
Hites,clothes,,,red social,,,,,,,,,,-41.4733692,-72.9345095,no,https://www.openstreetmap.org/node/11778239711
Iglesia Anglicana Santiago Apóstol,place of worship,,,red social,,,,,,,Santo Domingo 639,Santiago,,-33.4354589,-70.6465728,no,https://www.openstreetmap.org/node/13168185431
Santísima Moda,clothes,78.181.607-8,probable (nombre+comuna contra Registro de Empresas y Sociedades),red social,,,,,,,Jardín del Este 53,Chillán,,-36.5888083,-72.0600539,no,https://www.openstreetmap.org/node/13836660311
Bayona,clothes,78.286.601-K,probable (nombre+comuna contra Registro de Empresas y Sociedades),red social,,,,,,,Jardín del Este 53,Chillán,,-36.5887353,-72.0602307,no,https://www.openstreetmap.org/node/13836660312
Urbana Tienda,clothes,,,red social,,,,,,,Jardín del Este 53,Chillán,,-36.588743,-72.0602829,no,https://www.openstreetmap.org/node/13836660313
Rosa Tigre,fast food,,,red social,,,,,,,Jardín del Este 53,Chillán,,-36.5887275,-72.0601785,no,https://www.openstreetmap.org/node/13836660315
Quila Pets,pet,,,red social,,,,,,,Jardín del Este 53,Chillán,,-36.5889037,-72.060095,no,https://www.openstreetmap.org/node/13836660322
Bengoa,butcher,,,red social,,,,,,,Jardín del Este 53,Chillán,,-36.5888591,-72.0601053,no,https://www.openstreetmap.org/node/13836660323
Grido,ice cream,,,red social,,,,,,,Jardín del Este 53,Chillán,,-36.5889482,-72.0600847,no,https://www.openstreetmap.org/node/13836660324
Bendito Bazar,yes,,,red social,,,,,,,Jardín del Este 53,Chillán,,-36.5888146,-72.0601156,no,https://www.openstreetmap.org/node/13836660325
Multiespacio Pádel Center,,,,telefono,+56942299967,,,,,,,Curauma,,-33.1139603,-71.577877,no,https://www.openstreetmap.org/node/14042413411
Complejo Deportivo Santa Laura,,,,telefono,+56987231016,,,,,,Avenida Cardenal Samoré 3160,Curauma,,-33.1392405,-71.5645763,no,https://www.openstreetmap.org/way/806930944
Espacio del Real,,,,red social,,,,,,,Jardín del Este 53,Chillán,,-36.5888245,-72.0602973,no,https://www.openstreetmap.org/way/1000521664
CESFAM Techo Para Todos,clinic,,,telefono,+56 6 5225 3724,,,,,,Santa Inés,Puerto Montt,,-41.461801,-72.9650809,no,https://www.openstreetmap.org/way/1002130395
Museo Estancia Ñirehuao,,,,red social,,,,,,,Ruta X-45,Coyhaique,,-45.2712759,-71.7067569,no,https://www.openstreetmap.org/way/1369235237
Curauma Pádel Park,,,,telefono,+56983630589,,,,,,Avenida Cardenal Samoré 3063,Curauma,,-33.1373507,-71.5635384,no,https://www.openstreetmap.org/way/1543939312
Monumento a Los Soldados,,,,red social,,,,,,,,,,-37.3701678,-71.3461966,no,https://www.openstreetmap.org/node/1153814620
